[{"pk": 1, "model": "cms.placeholder", "fields": {"slot": "content", "default_width": null}}, {"pk": 2, "model": "cms.placeholder", "fields": {"slot": "left_column", "default_width": null}}, {"pk": 3, "model": "cms.placeholder", "fields": {"slot": "content", "default_width": null}}, {"pk": 4, "model": "cms.placeholder", "fields": {"slot": "left_column", "default_width": null}}, {"pk": 5, "model": "cms.placeholder", "fields": {"slot": "content|typogrify", "default_width": null}}, {"pk": 6, "model": "cms.placeholder", "fields": {"slot": "mission", "default_width": null}}, {"pk": 7, "model": "cms.placeholder", "fields": {"slot": "news_and_events", "default_width": null}}, {"pk": 8, "model": "cms.placeholder", "fields": {"slot": "facts_and_figures", "default_width": null}}, {"pk": 9, "model": "cms.placeholder", "fields": {"slot": "middle_column_header", "default_width": null}}, {"pk": 10, "model": "cms.placeholder", "fields": {"slot": "content_area", "default_width": null}}, {"pk": 11, "model": "cms.placeholder", "fields": {"slot": "main_branding", "default_width": null}}, {"pk": 12, "model": "cms.placeholder", "fields": {"slot": "branding_image", "default_width": null}}, {"pk": 13, "model": "cms.placeholder", "fields": {"slot": "main_branding", "default_width": null}}, {"pk": 14, "model": "cms.placeholder", "fields": {"slot": "branding_image", "default_width": null}}, {"pk": 15, "model": "cms.placeholder", "fields": {"slot": "mission", "default_width": null}}, {"pk": 16, "model": "cms.placeholder", "fields": {"slot": "middle_column_header", "default_width": null}}, {"pk": 17, "model": "cms.placeholder", "fields": {"slot": "news_and_events", "default_width": null}}, {"pk": 18, "model": "cms.placeholder", "fields": {"slot": "facts_and_figures", "default_width": null}}, {"pk": 19, "model": "cms.placeholder", "fields": {"slot": "content_area", "default_width": null}}, {"pk": 20, "model": "cms.placeholder", "fields": {"slot": "content_area", "default_width": null}}, {"pk": 21, "model": "cms.placeholder", "fields": {"slot": "content_area", "default_width": null}}, {"pk": 22, "model": "cms.placeholder", "fields": {"slot": "content_area", "default_width": null}}, {"pk": 23, "model": "cms.placeholder", "fields": {"slot": "content_area", "default_width": null}}, {"pk": 1, "model": "cms.page", "fields": {"rght": 10, "navigation_extenders": "", "site": 1, "creation_date": "2010-06-01 23:47:20", "lft": 1, "in_navigation": false, "reverse_id": null, "login_required": false, "created_by": "matthew", "publication_end_date": null, "moderator_state": 0, "template": "base.html", "tree_id": 1, "placeholders": [1, 2, 5, 6, 7, 8, 9, 11, 12], "parent": null, "publisher_state": 1, "soft_root": false, "menu_login_required": false, "publication_date": "2010-06-01 23:47:33", "publisher_public": 2, "level": 0, "changed_by": "script", "publisher_is_draft": true, "published": true}}, {"pk": 4, "model": "cms.page", "fields": {"rght": 3, "navigation_extenders": "", "site": 1, "creation_date": "2010-06-09 22:20:19", "lft": 2, "in_navigation": true, "reverse_id": null, "login_required": false, "created_by": "matthew", "publication_end_date": null, "moderator_state": 0, "template": "page.html", "tree_id": 1, "placeholders": [19], "parent": 1, "publisher_state": 1, "soft_root": false, "menu_login_required": false, "publication_date": "2010-06-09 22:55:24", "publisher_public": null, "level": 1, "changed_by": "matthew", "publisher_is_draft": true, "published": true}}, {"pk": 5, "model": "cms.page", "fields": {"rght": 7, "navigation_extenders": "", "site": 1, "creation_date": "2010-06-09 22:56:41", "lft": 4, "in_navigation": true, "reverse_id": "students-families", "login_required": false, "created_by": "matthew", "publication_end_date": null, "moderator_state": 0, "template": "page.html", "tree_id": 1, "placeholders": [20], "parent": 1, "publisher_state": 1, "soft_root": false, "menu_login_required": false, "publication_date": "2010-06-09 22:56:52", "publisher_public": null, "level": 1, "changed_by": "matthew", "publisher_is_draft": true, "published": true}}, {"pk": 6, "model": "cms.page", "fields": {"rght": 6, "navigation_extenders": "", "site": 1, "creation_date": "2010-06-09 23:17:47", "lft": 5, "in_navigation": true, "reverse_id": null, "login_required": false, "created_by": "matthew", "publication_end_date": null, "moderator_state": 0, "template": "page.html", "tree_id": 1, "placeholders": [21], "parent": 5, "publisher_state": 1, "soft_root": false, "menu_login_required": false, "publication_date": "2010-06-09 23:22:03", "publisher_public": null, "level": 2, "changed_by": "matthew", "publisher_is_draft": true, "published": true}}, {"pk": 7, "model": "cms.page", "fields": {"rght": 9, "navigation_extenders": "", "site": 1, "creation_date": "2010-06-20 22:11:18", "lft": 8, "in_navigation": true, "reverse_id": null, "login_required": false, "created_by": "matthew", "publication_end_date": null, "moderator_state": 0, "template": "page.html", "tree_id": 1, "placeholders": [22], "parent": 1, "publisher_state": 1, "soft_root": false, "menu_login_required": false, "publication_date": "2010-06-20 22:11:27", "publisher_public": null, "level": 1, "changed_by": "matthew", "publisher_is_draft": true, "published": true}}, {"pk": 2, "model": "cms.page", "fields": {"rght": 2, "navigation_extenders": "", "site": 1, "creation_date": "2010-06-01 23:47:20", "lft": 1, "in_navigation": false, "reverse_id": null, "login_required": false, "created_by": "matthew", "publication_end_date": null, "moderator_state": 1, "template": "base.html", "tree_id": 3, "placeholders": [3, 4, 13, 14, 15, 16, 17, 18], "parent": null, "publisher_state": 0, "soft_root": false, "menu_login_required": false, "publication_date": "2010-06-01 23:47:33", "publisher_public": null, "level": 0, "changed_by": "script", "publisher_is_draft": false, "published": true}}, {"pk": 8, "model": "cms.page", "fields": {"rght": 2, "navigation_extenders": "", "site": 1, "creation_date": "2010-06-22 21:34:07", "lft": 1, "in_navigation": false, "reverse_id": null, "login_required": false, "created_by": "matthew", "publication_end_date": null, "moderator_state": 0, "template": "page.html", "tree_id": 4, "placeholders": [23], "parent": null, "publisher_state": 1, "soft_root": false, "menu_login_required": false, "publication_date": null, "publisher_public": null, "level": 0, "changed_by": "matthew", "publisher_is_draft": true, "published": false}}, {"pk": 3, "model": "cms.pagemoderatorstate", "fields": {"action": "ADD", "message": "", "created": "2010-06-01 23:48:24", "page": 2, "user": 1}}, {"pk": 4, "model": "cms.pagemoderatorstate", "fields": {"action": "PUB", "message": "", "created": "2010-06-01 23:48:24", "page": 2, "user": 1}}, {"pk": 1, "model": "cms.globalpagepermission", "fields": {"can_publish": true, "group": null, "can_change_advanced_settings": true, "can_moderate": true, "can_change": true, "sites": [1], "can_change_permissions": true, "can_recover_page": true, "can_add": true, "user": 1, "can_delete": true, "can_move_page": true}}, {"pk": 2, "model": "cms.pageuser", "fields": {"user_permissions": [["add_page", "cms", "page"], ["change_page", "cms", "page"], ["add_pagepermission", "cms", "pagepermission"], ["change_pagepermission", "cms", "pagepermission"], ["delete_pagepermission", "cms", "pagepermission"]], "groups": [], "created_by": 1}}, {"pk": 1, "model": "cms.cmsplugin", "fields": {"publisher_public": null, "rght": 2, "language": "en", "parent": null, "level": 0, "publisher_is_draft": true, "publisher_state": 1, "lft": 1, "tree_id": 1, "position": 0, "creation_date": "2010-06-01 23:47:42", "placeholder": 1, "plugin_type": "TextPlugin"}}, {"pk": 2, "model": "cms.cmsplugin", "fields": {"publisher_public": null, "rght": 2, "language": "en", "parent": null, "level": 0, "publisher_is_draft": true, "publisher_state": 1, "lft": 1, "tree_id": 2, "position": 1, "creation_date": "2010-06-06 18:23:25", "placeholder": 1, "plugin_type": "GoogleMapPlugin"}}, {"pk": 3, "model": "cms.cmsplugin", "fields": {"publisher_public": null, "rght": 2, "language": "en", "parent": null, "level": 0, "publisher_is_draft": true, "publisher_state": 1, "lft": 1, "tree_id": 3, "position": 0, "creation_date": "2010-06-06 18:39:14", "placeholder": 6, "plugin_type": "TextPlugin"}}, {"pk": 4, "model": "cms.cmsplugin", "fields": {"publisher_public": null, "rght": 2, "language": "en", "parent": null, "level": 0, "publisher_is_draft": true, "publisher_state": 1, "lft": 1, "tree_id": 4, "position": 0, "creation_date": "2010-06-07 22:20:41", "placeholder": 7, "plugin_type": "CMSLatestEntriesPlugin"}}, {"pk": 5, "model": "cms.cmsplugin", "fields": {"publisher_public": null, "rght": 2, "language": "en", "parent": null, "level": 0, "publisher_is_draft": true, "publisher_state": 1, "lft": 1, "tree_id": 5, "position": 1, "creation_date": "2010-06-08 00:01:06", "placeholder": 6, "plugin_type": "SnippetPlugin"}}, {"pk": 6, "model": "cms.cmsplugin", "fields": {"publisher_public": null, "rght": 2, "language": "en", "parent": null, "level": 0, "publisher_is_draft": true, "publisher_state": 1, "lft": 1, "tree_id": 6, "position": 0, "creation_date": "2010-06-08 00:15:43", "placeholder": 10, "plugin_type": "CMSSelectedEntriesPlugin"}}, {"pk": 7, "model": "cms.cmsplugin", "fields": {"publisher_public": null, "rght": 4, "language": "en", "parent": null, "level": 0, "publisher_is_draft": true, "publisher_state": 1, "lft": 1, "tree_id": 7, "position": 0, "creation_date": "2010-06-08 01:39:31", "placeholder": 11, "plugin_type": "TextPlugin"}}, {"pk": 8, "model": "cms.cmsplugin", "fields": {"publisher_public": null, "rght": 3, "language": "en", "parent": 7, "level": 1, "publisher_is_draft": true, "publisher_state": 1, "lft": 2, "tree_id": 7, "position": null, "creation_date": "2010-06-08 01:40:43", "placeholder": 11, "plugin_type": "LinkPlugin"}}, {"pk": 9, "model": "cms.cmsplugin", "fields": {"publisher_public": null, "rght": 2, "language": "en", "parent": null, "level": 0, "publisher_is_draft": true, "publisher_state": 1, "lft": 1, "tree_id": 8, "position": 0, "creation_date": "2010-06-08 23:19:44", "placeholder": 12, "plugin_type": "PicturePlugin"}}, {"pk": 10, "model": "cms.cmsplugin", "fields": {"publisher_public": null, "rght": 2, "language": "en", "parent": null, "level": 0, "publisher_is_draft": true, "publisher_state": 1, "lft": 1, "tree_id": 9, "position": 0, "creation_date": "2010-06-09 23:06:46", "placeholder": 20, "plugin_type": "TextPlugin"}}, {"pk": 11, "model": "cms.cmsplugin", "fields": {"publisher_public": null, "rght": 2, "language": "en", "parent": null, "level": 0, "publisher_is_draft": true, "publisher_state": 1, "lft": 1, "tree_id": 10, "position": 0, "creation_date": "2010-06-20 22:11:40", "placeholder": 22, "plugin_type": "ContactPlugin"}}, {"pk": 12, "model": "cms.cmsplugin", "fields": {"publisher_public": null, "rght": 2, "language": "en", "parent": null, "level": 0, "publisher_is_draft": true, "publisher_state": 1, "lft": 1, "tree_id": 11, "position": 0, "creation_date": "2010-06-22 21:35:11", "placeholder": 23, "plugin_type": "CMSFaqEntryPlugin"}}, {"pk": 1, "model": "cms.title", "fields": {"publisher_public": 2, "menu_title": "", "meta_keywords": "", "page_title": "", "language": "en", "title": "Home", "has_url_overwrite": false, "application_urls": "", "creation_date": "2010-06-01 23:47:20", "publisher_is_draft": true, "publisher_state": 1, "path": "home", "meta_description": "", "slug": "home", "redirect": "", "page": 1}}, {"pk": 2, "model": "cms.title", "fields": {"publisher_public": null, "menu_title": "", "meta_keywords": "", "page_title": "", "language": "en", "title": "Home", "has_url_overwrite": false, "application_urls": "", "creation_date": "2010-06-01 23:47:20", "publisher_is_draft": false, "publisher_state": 0, "path": "home", "meta_description": "", "slug": "home", "redirect": "", "page": 2}}, {"pk": 4, "model": "cms.title", "fields": {"publisher_public": null, "menu_title": "", "meta_keywords": "", "page_title": "", "language": "en", "title": "About KIPP Endeavor", "has_url_overwrite": false, "application_urls": "", "creation_date": "2010-06-09 22:20:19", "publisher_is_draft": true, "publisher_state": 1, "path": "home/about", "meta_description": "", "slug": "about", "redirect": "", "page": 4}}, {"pk": 5, "model": "cms.title", "fields": {"publisher_public": null, "menu_title": "", "meta_keywords": "", "page_title": "", "language": "en", "title": "Students & Families", "has_url_overwrite": false, "application_urls": "", "creation_date": "2010-06-09 22:56:41", "publisher_is_draft": true, "publisher_state": 1, "path": "home/students-families", "meta_description": "", "slug": "students-families", "redirect": "", "page": 5}}, {"pk": 6, "model": "cms.title", "fields": {"publisher_public": null, "menu_title": "", "meta_keywords": "", "page_title": "", "language": "en", "title": "Get involved", "has_url_overwrite": false, "application_urls": "", "creation_date": "2010-06-09 23:17:47", "publisher_is_draft": true, "publisher_state": 1, "path": "home/students-families/get-involved", "meta_description": "", "slug": "get-involved", "redirect": "", "page": 6}}, {"pk": 7, "model": "cms.title", "fields": {"publisher_public": null, "menu_title": "", "meta_keywords": "", "page_title": "", "language": "en", "title": "Contact Us", "has_url_overwrite": false, "application_urls": "", "creation_date": "2010-06-20 22:11:18", "publisher_is_draft": true, "publisher_state": 1, "path": "home/contact-us", "meta_description": "", "slug": "contact-us", "redirect": "", "page": 7}}, {"pk": 8, "model": "cms.title", "fields": {"publisher_public": null, "menu_title": null, "meta_keywords": null, "page_title": null, "language": "en", "title": "FAQs", "has_url_overwrite": false, "application_urls": null, "creation_date": "2010-06-22 21:34:07", "publisher_is_draft": true, "publisher_state": 1, "path": "faqs", "meta_description": null, "slug": "faqs", "redirect": null, "page": 8}}]
