[{"pk": 36, "model": "contenttypes.contenttype", "fields": {"model": "folderpermission", "name": "Folder Permission", "app_label": "image_filer"}}, {"pk": 43, "model": "contenttypes.contenttype", "fields": {"model": "folderpermission", "name": "Folder Permission", "app_label": "filer"}}, {"pk": 13, "model": "contenttypes.contenttype", "fields": {"model": "globalpagepermission", "name": "Page global permission", "app_label": "cms"}}, {"pk": 12, "model": "contenttypes.contenttype", "fields": {"model": "pagemoderatorstate", "name": "Page moderator state", "app_label": "cms"}}, {"pk": 14, "model": "contenttypes.contenttype", "fields": {"model": "pagepermission", "name": "Page permission", "app_label": "cms"}}, {"pk": 11, "model": "contenttypes.contenttype", "fields": {"model": "pagemoderator", "name": "PageModerator", "app_label": "cms"}}, {"pk": 23, "model": "contenttypes.contenttype", "fields": {"model": "snippet", "name": "Snippet", "app_label": "snippet"}}, {"pk": 24, "model": "contenttypes.contenttype", "fields": {"model": "snippetptr", "name": "Snippet", "app_label": "snippet"}}, {"pk": 15, "model": "contenttypes.contenttype", "fields": {"model": "pageuser", "name": "User (page)", "app_label": "cms"}}, {"pk": 16, "model": "contenttypes.contenttype", "fields": {"model": "pageusergroup", "name": "User group (page)", "app_label": "cms"}}, {"pk": 28, "model": "contenttypes.contenttype", "fields": {"model": "category", "name": "category", "app_label": "zinnia"}}, {"pk": 37, "model": "contenttypes.contenttype", "fields": {"model": "clipboard", "name": "clipboard", "app_label": "image_filer"}}, {"pk": 46, "model": "contenttypes.contenttype", "fields": {"model": "clipboard", "name": "clipboard", "app_label": "filer"}}, {"pk": 38, "model": "contenttypes.contenttype", "fields": {"model": "clipboarditem", "name": "clipboard item", "app_label": "image_filer"}}, {"pk": 47, "model": "contenttypes.contenttype", "fields": {"model": "clipboarditem", "name": "clipboard item", "app_label": "filer"}}, {"pk": 17, "model": "contenttypes.contenttype", "fields": {"model": "cmsplugin", "name": "cms plugin", "app_label": "cms"}}, {"pk": 32, "model": "contenttypes.contenttype", "fields": {"model": "comment", "name": "comment", "app_label": "comments"}}, {"pk": 33, "model": "contenttypes.contenttype", "fields": {"model": "commentflag", "name": "comment flag", "app_label": "comments"}}, {"pk": 55, "model": "contenttypes.contenttype", "fields": {"model": "contact", "name": "contact", "app_label": "contact"}}, {"pk": 5, "model": "contenttypes.contenttype", "fields": {"model": "contenttype", "name": "content type", "app_label": "contenttypes"}}, {"pk": 29, "model": "contenttypes.contenttype", "fields": {"model": "entry", "name": "entry", "app_label": "zinnia"}}, {"pk": 51, "model": "contenttypes.contenttype", "fields": {"model": "faqentry", "name": "faq entry", "app_label": "cmsplugin_faq"}}, {"pk": 53, "model": "contenttypes.contenttype", "fields": {"model": "faqentrylink", "name": "faq entry link", "app_label": "cmsplugin_faq"}}, {"pk": 52, "model": "contenttypes.contenttype", "fields": {"model": "faqlist", "name": "faq list", "app_label": "cmsplugin_faq"}}, {"pk": 48, "model": "contenttypes.contenttype", "fields": {"model": "favoritefolder", "name": "favorite folder", "app_label": "filer"}}, {"pk": 22, "model": "contenttypes.contenttype", "fields": {"model": "file", "name": "file", "app_label": "file"}}, {"pk": 44, "model": "contenttypes.contenttype", "fields": {"model": "file", "name": "file", "app_label": "filer"}}, {"pk": 34, "model": "contenttypes.contenttype", "fields": {"model": "folder", "name": "folder", "app_label": "image_filer"}}, {"pk": 42, "model": "contenttypes.contenttype", "fields": {"model": "folder", "name": "folder", "app_label": "filer"}}, {"pk": 41, "model": "contenttypes.contenttype", "fields": {"model": "folderpublication", "name": "folder publication", "app_label": "image_filer"}}, {"pk": 25, "model": "contenttypes.contenttype", "fields": {"model": "googlemap", "name": "google map", "app_label": "googlemap"}}, {"pk": 2, "model": "contenttypes.contenttype", "fields": {"model": "group", "name": "group", "app_label": "auth"}}, {"pk": 35, "model": "contenttypes.contenttype", "fields": {"model": "image", "name": "image", "app_label": "image_filer"}}, {"pk": 45, "model": "contenttypes.contenttype", "fields": {"model": "image", "name": "image", "app_label": "filer"}}, {"pk": 40, "model": "contenttypes.contenttype", "fields": {"model": "imagefilerteaser", "name": "image filer teaser", "app_label": "image_filer"}}, {"pk": 39, "model": "contenttypes.contenttype", "fields": {"model": "imagepublication", "name": "image publication", "app_label": "image_filer"}}, {"pk": 30, "model": "contenttypes.contenttype", "fields": {"model": "latestentriesplugin", "name": "latest entries plugin", "app_label": "plugins"}}, {"pk": 21, "model": "contenttypes.contenttype", "fields": {"model": "link", "name": "link", "app_label": "link"}}, {"pk": 8, "model": "contenttypes.contenttype", "fields": {"model": "logentry", "name": "log entry", "app_label": "admin"}}, {"pk": 4, "model": "contenttypes.contenttype", "fields": {"model": "message", "name": "message", "app_label": "auth"}}, {"pk": 10, "model": "contenttypes.contenttype", "fields": {"model": "page", "name": "page", "app_label": "cms"}}, {"pk": 1, "model": "contenttypes.contenttype", "fields": {"model": "permission", "name": "permission", "app_label": "auth"}}, {"pk": 20, "model": "contenttypes.contenttype", "fields": {"model": "picture", "name": "picture", "app_label": "picture"}}, {"pk": 9, "model": "contenttypes.contenttype", "fields": {"model": "placeholder", "name": "placeholder", "app_label": "cms"}}, {"pk": 49, "model": "contenttypes.contenttype", "fields": {"model": "revision", "name": "revision", "app_label": "reversion"}}, {"pk": 31, "model": "contenttypes.contenttype", "fields": {"model": "selectedentriesplugin", "name": "selected entries plugin", "app_label": "plugins"}}, {"pk": 6, "model": "contenttypes.contenttype", "fields": {"model": "session", "name": "session", "app_label": "sessions"}}, {"pk": 7, "model": "contenttypes.contenttype", "fields": {"model": "site", "name": "site", "app_label": "sites"}}, {"pk": 26, "model": "contenttypes.contenttype", "fields": {"model": "tag", "name": "tag", "app_label": "tagging"}}, {"pk": 27, "model": "contenttypes.contenttype", "fields": {"model": "taggeditem", "name": "tagged item", "app_label": "tagging"}}, {"pk": 19, "model": "contenttypes.contenttype", "fields": {"model": "text", "name": "text", "app_label": "text"}}, {"pk": 18, "model": "contenttypes.contenttype", "fields": {"model": "title", "name": "title", "app_label": "cms"}}, {"pk": 3, "model": "contenttypes.contenttype", "fields": {"model": "user", "name": "user", "app_label": "auth"}}, {"pk": 50, "model": "contenttypes.contenttype", "fields": {"model": "version", "name": "version", "app_label": "reversion"}}, {"pk": 54, "model": "contenttypes.contenttype", "fields": {"model": "youtube", "name": "you tube", "app_label": "cmsplugin_youtube"}}, {"pk": "67f11e7b2d5275db364e0f7d64c6e919", "model": "sessions.session", "fields": {"expire_date": "2010-06-16 22:34:20", "session_data": "gAJ9cQEoVQ5jbXNfYWRtaW5fc2l0ZXECSwFVDV9hdXRoX3VzZXJfaWRxA0sBVRJfYXV0aF91c2Vy\nX2JhY2tlbmRxBFUpZGphbmdvLmNvbnRyaWIuYXV0aC5iYWNrZW5kcy5Nb2RlbEJhY2tlbmRxBXUu\nNTJiMzE4ZDM5MGYzNjg3Y2FiMWZkOTUzNmY0NjVlZDc=\n"}}, {"pk": "d9adce6e5abab97648198c22b35598b9", "model": "sessions.session", "fields": {"expire_date": "2010-06-17 22:05:00", "session_data": "gAJ9cQEuNTAzZGYxZjU3NTllMWQwNGI0MTNmMGRjNDk0MjE5NzE=\n"}}, {"pk": "67b40cd33be3d190b25abbc652250828", "model": "sessions.session", "fields": {"expire_date": "2010-06-20 18:40:47", "session_data": "gAJ9cQEoVQ5jbXNfYWRtaW5fc2l0ZXECSwFVEl9hdXRoX3VzZXJfYmFja2VuZHEDVSlkamFuZ28u\nY29udHJpYi5hdXRoLmJhY2tlbmRzLk1vZGVsQmFja2VuZHEEVQ1fYXV0aF91c2VyX2lkcQVLAXUu\nOTk1ZTQ0YzJmY2JmZTg1NzFjODg0ZGQ5NmI0NDQzYzM=\n"}}, {"pk": "271cb1fa0fe43274612b3294f9348c1e", "model": "sessions.session", "fields": {"expire_date": "2010-06-22 03:13:06", "session_data": "gAJ9cQEoVQ5jbXNfYWRtaW5fc2l0ZXECSwFVEl9hdXRoX3VzZXJfYmFja2VuZHEDVSlkamFuZ28u\nY29udHJpYi5hdXRoLmJhY2tlbmRzLk1vZGVsQmFja2VuZHEEVQ1fYXV0aF91c2VyX2lkcQVLAXUu\nOTk1ZTQ0YzJmY2JmZTg1NzFjODg0ZGQ5NmI0NDQzYzM=\n"}}, {"pk": "56d57606e6fe91501a3c031823f03192", "model": "sessions.session", "fields": {"expire_date": "2010-06-22 21:12:23", "session_data": "gAJ9cQEoVRJfYXV0aF91c2VyX2JhY2tlbmRxAlUpZGphbmdvLmNvbnRyaWIuYXV0aC5iYWNrZW5k\ncy5Nb2RlbEJhY2tlbmRxA1UNX2F1dGhfdXNlcl9pZHEESwF1LjlmNGQ0Y2I0OTJjZGM1YTdlOTcz\nYWZjYmM2YTE0Nzcw\n"}}, {"pk": "f5d960c7a9aefe393bdd8b0a7ac7c862", "model": "sessions.session", "fields": {"expire_date": "2010-06-23 00:04:52", "session_data": "gAJ9cQEoVQ5jbXNfYWRtaW5fc2l0ZXECSwFVEl9hdXRoX3VzZXJfYmFja2VuZHEDVSlkamFuZ28u\nY29udHJpYi5hdXRoLmJhY2tlbmRzLk1vZGVsQmFja2VuZHEEVQ1fYXV0aF91c2VyX2lkcQVLAXUu\nOTk1ZTQ0YzJmY2JmZTg1NzFjODg0ZGQ5NmI0NDQzYzM=\n"}}, {"pk": "d7feb20560222a4ccfa42748036dedd9", "model": "sessions.session", "fields": {"expire_date": "2010-06-23 14:13:25", "session_data": "gAJ9cQEuNTAzZGYxZjU3NTllMWQwNGI0MTNmMGRjNDk0MjE5NzE=\n"}}, {"pk": "61da5d330a5ef42741013885be9dd5b4", "model": "sessions.session", "fields": {"expire_date": "2010-06-24 01:42:46", "session_data": "gAJ9cQEoVRJfYXV0aF91c2VyX2JhY2tlbmRxAlUpZGphbmdvLmNvbnRyaWIuYXV0aC5iYWNrZW5k\ncy5Nb2RlbEJhY2tlbmRxA1UNX2F1dGhfdXNlcl9pZHEESwF1LjlmNGQ0Y2I0OTJjZGM1YTdlOTcz\nYWZjYmM2YTE0Nzcw\n"}}, {"pk": "3aa2eade4ad9d746124102e2415b287b", "model": "sessions.session", "fields": {"expire_date": "2010-06-24 13:18:37", "session_data": "gAJ9cQEoVQhjbXNfZWRpdHECiFUNX2F1dGhfdXNlcl9pZHEDSwFVEl9hdXRoX3VzZXJfYmFja2Vu\nZHEEVSlkamFuZ28uY29udHJpYi5hdXRoLmJhY2tlbmRzLk1vZGVsQmFja2VuZHEFdS4wNjE1Njlj\nZWExZjJmY2NkZDM3YWMwOWQ5YzU4Zjc3Mg==\n"}}, {"pk": "d0bb5970556e5526517631ddf6d27c6f", "model": "sessions.session", "fields": {"expire_date": "2010-06-24 19:47:42", "session_data": "gAJ9cQEuNTAzZGYxZjU3NTllMWQwNGI0MTNmMGRjNDk0MjE5NzE=\n"}}, {"pk": "18a0301e1396511da9372ec8e6d051cd", "model": "sessions.session", "fields": {"expire_date": "2010-06-28 21:28:47", "session_data": "gAJ9cQEuNTAzZGYxZjU3NTllMWQwNGI0MTNmMGRjNDk0MjE5NzE=\n"}}, {"pk": "380f0f0aad56e26da6a6659584b08573", "model": "sessions.session", "fields": {"expire_date": "2010-07-04 22:17:46", "session_data": "gAJ9cQEoVQ5jbXNfYWRtaW5fc2l0ZXECSwFVEl9hdXRoX3VzZXJfYmFja2VuZHEDVSlkamFuZ28u\nY29udHJpYi5hdXRoLmJhY2tlbmRzLk1vZGVsQmFja2VuZHEEVQ1fYXV0aF91c2VyX2lkcQVLAXUu\nOTk1ZTQ0YzJmY2JmZTg1NzFjODg0ZGQ5NmI0NDQzYzM=\n"}}, {"pk": "8726bacd3e304e7b85fdfaba7a686ad3", "model": "sessions.session", "fields": {"expire_date": "2010-07-06 21:33:50", "session_data": "gAJ9cQEoVQ5jbXNfYWRtaW5fc2l0ZXECSwFVEl9hdXRoX3VzZXJfYmFja2VuZHEDVSlkamFuZ28u\nY29udHJpYi5hdXRoLmJhY2tlbmRzLk1vZGVsQmFja2VuZHEEVQ1fYXV0aF91c2VyX2lkcQVLAXUu\nOTk1ZTQ0YzJmY2JmZTg1NzFjODg0ZGQ5NmI0NDQzYzM=\n"}}, {"pk": "139c3777522ccad3d38bd29c0236379b", "model": "sessions.session", "fields": {"expire_date": "2010-07-10 15:04:52", "session_data": "gAJ9cQEuNTAzZGYxZjU3NTllMWQwNGI0MTNmMGRjNDk0MjE5NzE=\n"}}, {"pk": "f92d5897662ce3035548f93daf0e1fcc", "model": "sessions.session", "fields": {"expire_date": "2010-08-05 12:23:08", "session_data": "gAJ9cQEoVQ5jbXNfYWRtaW5fc2l0ZXECSwFVDV9hdXRoX3VzZXJfaWRxA0sBVRJfYXV0aF91c2Vy\nX2JhY2tlbmRxBFUpZGphbmdvLmNvbnRyaWIuYXV0aC5iYWNrZW5kcy5Nb2RlbEJhY2tlbmRxBVUI\nY21zX2VkaXRxBol1LmY5ZTk0MTFiYmYwNjI2MzYxODQ2MzFkMjg5YzNkNDM4\n"}}, {"pk": 1, "model": "sites.site", "fields": {"domain": "example.com", "name": "example.com"}}, {"pk": 45, "model": "admin.logentry", "fields": {"action_flag": 1, "action_time": "2010-07-22 12:20:38", "object_repr": "New Event: published", "object_id": "5", "change_message": "", "user": 1, "content_type": 31}}, {"pk": 44, "model": "admin.logentry", "fields": {"action_flag": 2, "action_time": "2010-07-22 12:14:28", "object_repr": "stephanie", "object_id": "3", "change_message": "Changed is_superuser and user_permissions.", "user": 1, "content_type": 3}}, {"pk": 43, "model": "admin.logentry", "fields": {"action_flag": 1, "action_time": "2010-07-22 12:03:59", "object_repr": "stephanie", "object_id": "3", "change_message": "", "user": 1, "content_type": 15}}, {"pk": 42, "model": "admin.logentry", "fields": {"action_flag": 1, "action_time": "2010-07-22 12:02:46", "object_repr": "kippadmin", "object_id": "1", "change_message": "", "user": 1, "content_type": 16}}, {"pk": 41, "model": "admin.logentry", "fields": {"action_flag": 1, "action_time": "2010-06-22 21:34:07", "object_repr": "FAQs", "object_id": "8", "change_message": "", "user": 1, "content_type": 10}}, {"pk": 40, "model": "admin.logentry", "fields": {"action_flag": 2, "action_time": "2010-06-22 00:46:44", "object_repr": "hello there: published", "object_id": "4", "change_message": "Changed categories.", "user": 1, "content_type": 29}}, {"pk": 39, "model": "admin.logentry", "fields": {"action_flag": 1, "action_time": "2010-06-21 23:54:45", "object_repr": "hello there: published", "object_id": "4", "change_message": "", "user": 1, "content_type": 29}}, {"pk": 38, "model": "admin.logentry", "fields": {"action_flag": 1, "action_time": "2010-06-21 23:25:10", "object_repr": "Event test: published", "object_id": "3", "change_message": "", "user": 1, "content_type": 29}}, {"pk": 37, "model": "admin.logentry", "fields": {"action_flag": 1, "action_time": "2010-06-21 23:18:21", "object_repr": "Events", "object_id": "2", "change_message": "", "user": 1, "content_type": 28}}, {"pk": 36, "model": "admin.logentry", "fields": {"action_flag": 2, "action_time": "2010-06-20 22:17:46", "object_repr": "Contact US", "object_id": "7", "change_message": "Changed title and moderator_state.", "user": 1, "content_type": 10}}, {"pk": 35, "model": "admin.logentry", "fields": {"action_flag": 2, "action_time": "2010-06-20 22:17:20", "object_repr": "Contact US", "object_id": "7", "change_message": "Changed published, in_navigation, publication_date and moderator_state.", "user": 1, "content_type": 10}}, {"pk": 34, "model": "admin.logentry", "fields": {"action_flag": 1, "action_time": "2010-06-20 22:11:18", "object_repr": "Contact US", "object_id": "7", "change_message": "", "user": 1, "content_type": 10}}, {"pk": 33, "model": "admin.logentry", "fields": {"action_flag": 1, "action_time": "2010-06-10 01:44:54", "object_repr": "hello: published", "object_id": "2", "change_message": "", "user": 1, "content_type": 29}}, {"pk": 32, "model": "admin.logentry", "fields": {"action_flag": 2, "action_time": "2010-06-10 00:37:52", "object_repr": "Students & Families", "object_id": "5", "change_message": "Changed navigation_extenders, application_urls and moderator_state.", "user": 1, "content_type": 10}}, {"pk": 31, "model": "admin.logentry", "fields": {"action_flag": 2, "action_time": "2010-06-10 00:37:01", "object_repr": "Students & Families", "object_id": "5", "change_message": "Changed reverse_id, navigation_extenders, application_urls and moderator_state.", "user": 1, "content_type": 10}}, {"pk": 30, "model": "admin.logentry", "fields": {"action_flag": 2, "action_time": "2010-06-10 00:21:13", "object_repr": "Get involved", "object_id": "6", "change_message": "Changed moderator_state.", "user": 1, "content_type": 10}}, {"pk": 29, "model": "admin.logentry", "fields": {"action_flag": 2, "action_time": "2010-06-09 23:22:09", "object_repr": "Get involved", "object_id": "6", "change_message": "Changed published, in_navigation, publication_date and moderator_state.", "user": 1, "content_type": 10}}, {"pk": 28, "model": "admin.logentry", "fields": {"action_flag": 1, "action_time": "2010-06-09 23:17:47", "object_repr": "Get involved", "object_id": "6", "change_message": "", "user": 1, "content_type": 10}}, {"pk": 27, "model": "admin.logentry", "fields": {"action_flag": 2, "action_time": "2010-06-09 22:56:58", "object_repr": "Students & Families", "object_id": "5", "change_message": "Changed published, in_navigation, publication_date and moderator_state.", "user": 1, "content_type": 10}}, {"pk": 26, "model": "admin.logentry", "fields": {"action_flag": 1, "action_time": "2010-06-09 22:56:41", "object_repr": "Students & Families", "object_id": "5", "change_message": "", "user": 1, "content_type": 10}}, {"pk": 25, "model": "admin.logentry", "fields": {"action_flag": 3, "action_time": "2010-06-09 22:56:08", "object_repr": "blog", "object_id": "3", "change_message": "", "user": 1, "content_type": 10}}, {"pk": 24, "model": "admin.logentry", "fields": {"action_flag": 2, "action_time": "2010-06-09 22:55:36", "object_repr": "About KIPP Endeavor", "object_id": "4", "change_message": "Changed published, in_navigation, publication_date and moderator_state.", "user": 1, "content_type": 10}}, {"pk": 23, "model": "admin.logentry", "fields": {"action_flag": 1, "action_time": "2010-06-09 22:20:19", "object_repr": "About KIPP Endeavor", "object_id": "4", "change_message": "", "user": 1, "content_type": 10}}, {"pk": 22, "model": "admin.logentry", "fields": {"action_flag": 2, "action_time": "2010-06-08 23:32:13", "object_repr": "Home", "object_id": "1", "change_message": "Changed moderator_state.", "user": 1, "content_type": 10}}, {"pk": 21, "model": "admin.logentry", "fields": {"action_flag": 1, "action_time": "2010-06-08 22:58:27", "object_repr": "matthew :: GLOBAL", "object_id": "1", "change_message": "", "user": 1, "content_type": 13}}, {"pk": 20, "model": "admin.logentry", "fields": {"action_flag": 2, "action_time": "2010-06-08 22:57:33", "object_repr": "matthewe", "object_id": "2", "change_message": "Changed can_add_pagepermission, can_change_pagepermission and can_delete_pagepermission.", "user": 1, "content_type": 15}}, {"pk": 19, "model": "admin.logentry", "fields": {"action_flag": 1, "action_time": "2010-06-08 22:56:22", "object_repr": "matthewe", "object_id": "2", "change_message": "", "user": 1, "content_type": 15}}, {"pk": 18, "model": "admin.logentry", "fields": {"action_flag": 3, "action_time": "2010-06-08 02:45:00", "object_repr": "branding photos", "object_id": "1", "change_message": "", "user": 1, "content_type": 34}}, {"pk": 17, "model": "admin.logentry", "fields": {"action_flag": 1, "action_time": "2010-06-08 02:40:30", "object_repr": "Folder: 'branding photos'->this item and all children [can_edit, can_read, can_add_children] []", "object_id": "1", "change_message": "", "user": 1, "content_type": 36}}, {"pk": 16, "model": "admin.logentry", "fields": {"action_flag": 2, "action_time": "2010-06-08 01:52:45", "object_repr": "Home", "object_id": "1", "change_message": "Changed moderator_state.", "user": 1, "content_type": 10}}, {"pk": 15, "model": "admin.logentry", "fields": {"action_flag": 2, "action_time": "2010-06-08 01:42:07", "object_repr": "Home", "object_id": "1", "change_message": "Changed moderator_state.", "user": 1, "content_type": 10}}, {"pk": 14, "model": "admin.logentry", "fields": {"action_flag": 2, "action_time": "2010-06-08 00:13:58", "object_repr": "blog", "object_id": "3", "change_message": "Changed published, in_navigation, publication_date and moderator_state.", "user": 1, "content_type": 10}}, {"pk": 13, "model": "admin.logentry", "fields": {"action_flag": 1, "action_time": "2010-06-08 00:13:21", "object_repr": "blog", "object_id": "3", "change_message": "", "user": 1, "content_type": 10}}, {"pk": 12, "model": "admin.logentry", "fields": {"action_flag": 2, "action_time": "2010-06-07 23:46:36", "object_repr": "KIPP Featured on NBC Nightly News: published", "object_id": "1", "change_message": "Changed comment_enabled.", "user": 1, "content_type": 29}}, {"pk": 11, "model": "admin.logentry", "fields": {"action_flag": 1, "action_time": "2010-06-07 22:29:30", "object_repr": "KIPP Featured on NBC Nightly News: draft", "object_id": "1", "change_message": "", "user": 1, "content_type": 29}}, {"pk": 10, "model": "admin.logentry", "fields": {"action_flag": 1, "action_time": "2010-06-07 22:29:27", "object_repr": "news", "object_id": "1", "change_message": "", "user": 1, "content_type": 28}}, {"pk": 9, "model": "admin.logentry", "fields": {"action_flag": 2, "action_time": "2010-06-07 22:23:05", "object_repr": "Home", "object_id": "1", "change_message": "Changed moderator_state.", "user": 1, "content_type": 10}}, {"pk": 8, "model": "admin.logentry", "fields": {"action_flag": 2, "action_time": "2010-06-07 22:21:55", "object_repr": "Home", "object_id": "1", "change_message": "Changed moderator_state.", "user": 1, "content_type": 10}}, {"pk": 7, "model": "admin.logentry", "fields": {"action_flag": 2, "action_time": "2010-06-07 22:21:16", "object_repr": "Home", "object_id": "1", "change_message": "Changed moderator_state.", "user": 1, "content_type": 10}}, {"pk": 6, "model": "admin.logentry", "fields": {"action_flag": 2, "action_time": "2010-06-06 18:40:40", "object_repr": "Home", "object_id": "1", "change_message": "Changed moderator_state.", "user": 1, "content_type": 10}}, {"pk": 5, "model": "admin.logentry", "fields": {"action_flag": 2, "action_time": "2010-06-06 18:36:18", "object_repr": "Home", "object_id": "1", "change_message": "Changed moderator_state.", "user": 1, "content_type": 10}}, {"pk": 4, "model": "admin.logentry", "fields": {"action_flag": 2, "action_time": "2010-06-06 18:34:25", "object_repr": "Home", "object_id": "1", "change_message": "Changed moderator_state.", "user": 1, "content_type": 10}}, {"pk": 3, "model": "admin.logentry", "fields": {"action_flag": 2, "action_time": "2010-06-02 22:34:12", "object_repr": "Home", "object_id": "1", "change_message": "Changed moderator_state.", "user": 1, "content_type": 10}}, {"pk": 2, "model": "admin.logentry", "fields": {"action_flag": 2, "action_time": "2010-06-01 23:48:24", "object_repr": "Home", "object_id": "1", "change_message": "Changed published and publication_date.", "user": 1, "content_type": 10}}, {"pk": 1, "model": "admin.logentry", "fields": {"action_flag": 1, "action_time": "2010-06-01 23:47:20", "object_repr": "Home", "object_id": "1", "change_message": "", "user": 1, "content_type": 10}}, {"pk": 1, "model": "cms.placeholder", "fields": {"slot": "content", "default_width": null}}, {"pk": 2, "model": "cms.placeholder", "fields": {"slot": "left_column", "default_width": null}}, {"pk": 3, "model": "cms.placeholder", "fields": {"slot": "content", "default_width": null}}, {"pk": 4, "model": "cms.placeholder", "fields": {"slot": "left_column", "default_width": null}}, {"pk": 5, "model": "cms.placeholder", "fields": {"slot": "content|typogrify", "default_width": null}}, {"pk": 6, "model": "cms.placeholder", "fields": {"slot": "mission", "default_width": null}}, {"pk": 7, "model": "cms.placeholder", "fields": {"slot": "news_and_events", "default_width": null}}, {"pk": 8, "model": "cms.placeholder", "fields": {"slot": "facts_and_figures", "default_width": null}}, {"pk": 9, "model": "cms.placeholder", "fields": {"slot": "middle_column_header", "default_width": null}}, {"pk": 10, "model": "cms.placeholder", "fields": {"slot": "content_area", "default_width": null}}, {"pk": 11, "model": "cms.placeholder", "fields": {"slot": "main_branding", "default_width": null}}, {"pk": 12, "model": "cms.placeholder", "fields": {"slot": "branding_image", "default_width": null}}, {"pk": 13, "model": "cms.placeholder", "fields": {"slot": "main_branding", "default_width": null}}, {"pk": 14, "model": "cms.placeholder", "fields": {"slot": "branding_image", "default_width": null}}, {"pk": 15, "model": "cms.placeholder", "fields": {"slot": "mission", "default_width": null}}, {"pk": 16, "model": "cms.placeholder", "fields": {"slot": "middle_column_header", "default_width": null}}, {"pk": 17, "model": "cms.placeholder", "fields": {"slot": "news_and_events", "default_width": null}}, {"pk": 18, "model": "cms.placeholder", "fields": {"slot": "facts_and_figures", "default_width": null}}, {"pk": 19, "model": "cms.placeholder", "fields": {"slot": "content_area", "default_width": null}}, {"pk": 20, "model": "cms.placeholder", "fields": {"slot": "content_area", "default_width": null}}, {"pk": 21, "model": "cms.placeholder", "fields": {"slot": "content_area", "default_width": null}}, {"pk": 22, "model": "cms.placeholder", "fields": {"slot": "content_area", "default_width": null}}, {"pk": 23, "model": "cms.placeholder", "fields": {"slot": "content_area", "default_width": null}}, {"pk": 1, "model": "cms.page", "fields": {"rght": 10, "navigation_extenders": "", "site": 1, "creation_date": "2010-06-01 23:47:20", "lft": 1, "in_navigation": false, "reverse_id": null, "login_required": false, "created_by": "matthew", "publication_end_date": null, "moderator_state": 0, "template": "base.html", "tree_id": 1, "placeholders": [1, 2, 5, 6, 7, 8, 9, 11, 12], "parent": null, "publisher_state": 1, "soft_root": false, "menu_login_required": false, "publication_date": "2010-06-01 23:47:33", "publisher_public": 2, "level": 0, "changed_by": "matthew", "publisher_is_draft": true, "published": true}}, {"pk": 4, "model": "cms.page", "fields": {"rght": 5, "navigation_extenders": "", "site": 1, "creation_date": "2010-06-09 22:20:19", "lft": 2, "in_navigation": true, "reverse_id": null, "login_required": false, "created_by": "matthew", "publication_end_date": null, "moderator_state": 1, "template": "page.html", "tree_id": 1, "placeholders": [19], "parent": 1, "publisher_state": 1, "soft_root": false, "menu_login_required": false, "publication_date": "2010-06-09 22:55:24", "publisher_public": null, "level": 1, "changed_by": "matthew", "publisher_is_draft": true, "published": true}}, {"pk": 6, "model": "cms.page", "fields": {"rght": 4, "navigation_extenders": "", "site": 1, "creation_date": "2010-06-09 23:17:47", "lft": 3, "in_navigation": true, "reverse_id": null, "login_required": false, "created_by": "matthew", "publication_end_date": null, "moderator_state": 0, "template": "page.html", "tree_id": 1, "placeholders": [21], "parent": 4, "publisher_state": 1, "soft_root": false, "menu_login_required": false, "publication_date": "2010-06-09 23:22:03", "publisher_public": null, "level": 2, "changed_by": "matthew", "publisher_is_draft": true, "published": true}}, {"pk": 5, "model": "cms.page", "fields": {"rght": 7, "navigation_extenders": "", "site": 1, "creation_date": "2010-06-09 22:56:41", "lft": 6, "in_navigation": true, "reverse_id": "students-families", "login_required": false, "created_by": "matthew", "publication_end_date": null, "moderator_state": 0, "template": "page.html", "tree_id": 1, "placeholders": [20], "parent": 1, "publisher_state": 1, "soft_root": false, "menu_login_required": false, "publication_date": "2010-06-09 22:56:52", "publisher_public": null, "level": 1, "changed_by": "matthew", "publisher_is_draft": true, "published": true}}, {"pk": 7, "model": "cms.page", "fields": {"rght": 9, "navigation_extenders": "", "site": 1, "creation_date": "2010-06-20 22:11:18", "lft": 8, "in_navigation": true, "reverse_id": null, "login_required": false, "created_by": "matthew", "publication_end_date": null, "moderator_state": 0, "template": "page.html", "tree_id": 1, "placeholders": [22], "parent": 1, "publisher_state": 1, "soft_root": false, "menu_login_required": false, "publication_date": "2010-06-20 22:11:27", "publisher_public": null, "level": 1, "changed_by": "matthew", "publisher_is_draft": true, "published": true}}, {"pk": 2, "model": "cms.page", "fields": {"rght": 2, "navigation_extenders": "", "site": 1, "creation_date": "2010-06-01 23:47:20", "lft": 1, "in_navigation": false, "reverse_id": null, "login_required": false, "created_by": "matthew", "publication_end_date": null, "moderator_state": 1, "template": "base.html", "tree_id": 3, "placeholders": [3, 4, 13, 14, 15, 16, 17, 18], "parent": null, "publisher_state": 0, "soft_root": false, "menu_login_required": false, "publication_date": "2010-06-01 23:47:33", "publisher_public": null, "level": 0, "changed_by": "script", "publisher_is_draft": false, "published": true}}, {"pk": 8, "model": "cms.page", "fields": {"rght": 2, "navigation_extenders": "", "site": 1, "creation_date": "2010-06-22 21:34:07", "lft": 1, "in_navigation": false, "reverse_id": null, "login_required": false, "created_by": "matthew", "publication_end_date": null, "moderator_state": 0, "template": "page.html", "tree_id": 4, "placeholders": [23], "parent": null, "publisher_state": 1, "soft_root": false, "menu_login_required": false, "publication_date": null, "publisher_public": null, "level": 0, "changed_by": "matthew", "publisher_is_draft": true, "published": false}}, {"pk": 3, "model": "cms.pagemoderatorstate", "fields": {"action": "ADD", "message": "", "created": "2010-06-01 23:48:24", "page": 2, "user": 1}}, {"pk": 4, "model": "cms.pagemoderatorstate", "fields": {"action": "PUB", "message": "", "created": "2010-06-01 23:48:24", "page": 2, "user": 1}}, {"pk": 1, "model": "cms.globalpagepermission", "fields": {"can_publish": true, "group": null, "can_change_advanced_settings": true, "can_moderate": true, "can_change": true, "sites": [1], "can_change_permissions": true, "can_recover_page": true, "can_add": true, "user": 1, "can_delete": true, "can_move_page": true}}, {"pk": 1, "model": "cms.cmsplugin", "fields": {"publisher_public": null, "rght": 2, "language": "en", "parent": null, "level": 0, "publisher_is_draft": true, "publisher_state": 1, "lft": 1, "tree_id": 1, "position": 0, "creation_date": "2010-06-01 23:47:42", "placeholder": 1, "plugin_type": "TextPlugin"}}, {"pk": 2, "model": "cms.cmsplugin", "fields": {"publisher_public": null, "rght": 2, "language": "en", "parent": null, "level": 0, "publisher_is_draft": true, "publisher_state": 1, "lft": 1, "tree_id": 2, "position": 1, "creation_date": "2010-06-06 18:23:25", "placeholder": 1, "plugin_type": "GoogleMapPlugin"}}, {"pk": 3, "model": "cms.cmsplugin", "fields": {"publisher_public": null, "rght": 2, "language": "en", "parent": null, "level": 0, "publisher_is_draft": true, "publisher_state": 1, "lft": 1, "tree_id": 3, "position": 0, "creation_date": "2010-06-06 18:39:14", "placeholder": 6, "plugin_type": "TextPlugin"}}, {"pk": 4, "model": "cms.cmsplugin", "fields": {"publisher_public": null, "rght": 2, "language": "en", "parent": null, "level": 0, "publisher_is_draft": true, "publisher_state": 1, "lft": 1, "tree_id": 4, "position": 0, "creation_date": "2010-06-07 22:20:41", "placeholder": 7, "plugin_type": "CMSLatestEntriesPlugin"}}, {"pk": 5, "model": "cms.cmsplugin", "fields": {"publisher_public": null, "rght": 2, "language": "en", "parent": null, "level": 0, "publisher_is_draft": true, "publisher_state": 1, "lft": 1, "tree_id": 5, "position": 1, "creation_date": "2010-06-08 00:01:06", "placeholder": 6, "plugin_type": "SnippetPlugin"}}, {"pk": 6, "model": "cms.cmsplugin", "fields": {"publisher_public": null, "rght": 2, "language": "en", "parent": null, "level": 0, "publisher_is_draft": true, "publisher_state": 1, "lft": 1, "tree_id": 6, "position": 0, "creation_date": "2010-06-08 00:15:43", "placeholder": 10, "plugin_type": "CMSSelectedEntriesPlugin"}}, {"pk": 7, "model": "cms.cmsplugin", "fields": {"publisher_public": null, "rght": 4, "language": "en", "parent": null, "level": 0, "publisher_is_draft": true, "publisher_state": 1, "lft": 1, "tree_id": 7, "position": 0, "creation_date": "2010-06-08 01:39:31", "placeholder": 11, "plugin_type": "TextPlugin"}}, {"pk": 9, "model": "cms.cmsplugin", "fields": {"publisher_public": null, "rght": 2, "language": "en", "parent": null, "level": 0, "publisher_is_draft": true, "publisher_state": 1, "lft": 1, "tree_id": 8, "position": 0, "creation_date": "2010-06-08 23:19:44", "placeholder": 12, "plugin_type": "PicturePlugin"}}, {"pk": 10, "model": "cms.cmsplugin", "fields": {"publisher_public": null, "rght": 2, "language": "en", "parent": null, "level": 0, "publisher_is_draft": true, "publisher_state": 1, "lft": 1, "tree_id": 9, "position": 0, "creation_date": "2010-06-09 23:06:46", "placeholder": 20, "plugin_type": "TextPlugin"}}, {"pk": 11, "model": "cms.cmsplugin", "fields": {"publisher_public": null, "rght": 2, "language": "en", "parent": null, "level": 0, "publisher_is_draft": true, "publisher_state": 1, "lft": 1, "tree_id": 10, "position": 0, "creation_date": "2010-06-20 22:11:40", "placeholder": 22, "plugin_type": "ContactPlugin"}}, {"pk": 12, "model": "cms.cmsplugin", "fields": {"publisher_public": null, "rght": 2, "language": "en", "parent": null, "level": 0, "publisher_is_draft": true, "publisher_state": 1, "lft": 1, "tree_id": 11, "position": 0, "creation_date": "2010-06-22 21:35:11", "placeholder": 23, "plugin_type": "CMSFaqEntryPlugin"}}, {"pk": 1, "model": "cms.title", "fields": {"publisher_public": 2, "menu_title": "", "meta_keywords": "", "page_title": "", "language": "en", "title": "Home", "has_url_overwrite": false, "application_urls": "", "creation_date": "2010-06-01 23:47:20", "publisher_is_draft": true, "publisher_state": 1, "path": "home", "meta_description": "", "slug": "home", "redirect": "", "page": 1}}, {"pk": 2, "model": "cms.title", "fields": {"publisher_public": null, "menu_title": "", "meta_keywords": "", "page_title": "", "language": "en", "title": "Home", "has_url_overwrite": false, "application_urls": "", "creation_date": "2010-06-01 23:47:20", "publisher_is_draft": false, "publisher_state": 0, "path": "home", "meta_description": "", "slug": "home", "redirect": "", "page": 2}}, {"pk": 4, "model": "cms.title", "fields": {"publisher_public": null, "menu_title": "", "meta_keywords": "", "page_title": "", "language": "en", "title": "About KIPP Endeavor", "has_url_overwrite": false, "application_urls": "", "creation_date": "2010-06-09 22:20:19", "publisher_is_draft": true, "publisher_state": 1, "path": "home/about", "meta_description": "", "slug": "about", "redirect": "", "page": 4}}, {"pk": 5, "model": "cms.title", "fields": {"publisher_public": null, "menu_title": "", "meta_keywords": "", "page_title": "", "language": "en", "title": "Students & Families", "has_url_overwrite": false, "application_urls": "", "creation_date": "2010-06-09 22:56:41", "publisher_is_draft": true, "publisher_state": 1, "path": "home/students-families", "meta_description": "", "slug": "students-families", "redirect": "", "page": 5}}, {"pk": 6, "model": "cms.title", "fields": {"publisher_public": null, "menu_title": "", "meta_keywords": "", "page_title": "", "language": "en", "title": "Get involved", "has_url_overwrite": false, "application_urls": "", "creation_date": "2010-06-09 23:17:47", "publisher_is_draft": true, "publisher_state": 1, "path": "home/about/get-involved", "meta_description": "", "slug": "get-involved", "redirect": "", "page": 6}}, {"pk": 7, "model": "cms.title", "fields": {"publisher_public": null, "menu_title": "", "meta_keywords": "", "page_title": "", "language": "en", "title": "Contact Us", "has_url_overwrite": false, "application_urls": "", "creation_date": "2010-06-20 22:11:18", "publisher_is_draft": true, "publisher_state": 1, "path": "home/contact-us", "meta_description": "", "slug": "contact-us", "redirect": "", "page": 7}}, {"pk": 8, "model": "cms.title", "fields": {"publisher_public": null, "menu_title": null, "meta_keywords": null, "page_title": null, "language": "en", "title": "FAQs", "has_url_overwrite": false, "application_urls": null, "creation_date": "2010-06-22 21:34:07", "publisher_is_draft": true, "publisher_state": 1, "path": "faqs", "meta_description": null, "slug": "faqs", "redirect": null, "page": 8}}, {"pk": 1, "model": "text.text", "fields": {"body": "<p>testing thismlaksdflkj</p><p>alksjdflaksjdhf</p><p>a;djklsf</p><p>[akl;hd</p>", "cmsplugin_ptr": 1}}, {"pk": 3, "model": "text.text", "fields": {"body": "<h2>Mission &amp; Vision</h2><p>KIPP Endeavor Academy will build and preserve within each student the strong knowledge, skills, and character traits necessary to succesfully obtain a college degree.&#160;</p><p>With integrity and compassion, students will have a vested interest in applying learned sills to surpass their own self-concern and better the world \u0003around them.</p>", "cmsplugin_ptr": 3}}, {"pk": 7, "model": "text.text", "fields": {"body": "<h1>Work Hard. Play Nice.</h1><p>Hello and welcome to KIPP Endeavor Academy (KEA) - a free public charter school. KIPP Endeavor Academy currently serves approximately 200 students from around Kansas City's urban core.</p><a href=\"#\">Read more about KEA</a>", "cmsplugin_ptr": 7}}, {"pk": 10, "model": "text.text", "fields": {"body": "<p>Hello and welcome to KIPP Endeavor Academy (KEA), a free public charter school! KIPP Endeavor Academy currently serves approximately 200 students from around Kansas City's urban core. Our founding group of students is known as the class of \"2015,\" the year they will attend college. KEA presently hosts 5th, 6th and 7th grade students, and will be adding the 8th grade for the 2010-2011 school year.</p>", "cmsplugin_ptr": 10}}, {"pk": 9, "model": "picture.picture", "fields": {"url": "", "image": "cms_page_media/1/photo_home-branding.jpg", "float": null, "page_link": null, "alt": "", "longdesc": ""}}, {"pk": 2, "model": "zinnia.category", "fields": {"description": "", "slug": "events", "title": "Events"}}, {"pk": 1, "model": "zinnia.category", "fields": {"description": "", "slug": "news", "title": "news"}}, {"pk": 5, "model": "zinnia.entry", "fields": {"status": 2, "end_publication": "2042-03-15 00:00:00", "comment_enabled": false, "tags": "", "image": "", "title": "New Event", "excerpt": "It's happening tomorrow.", "sites": [1], "related": [], "creation_date": "2010-07-23 12:19:49", "content": "<p>It's happening tomorrow.</p>", "start_publication": "2010-07-22 12:19:49", "authors": [1], "last_update": "2010-07-22 12:20:38", "slug": "new-event", "categories": [2]}}, {"pk": 4, "model": "zinnia.entry", "fields": {"status": 2, "end_publication": "2042-03-15 00:00:00", "comment_enabled": false, "tags": "", "image": "", "title": "hello there", "excerpt": "a;lsdkjfadlskjalkjsdfl;kjas;ldkjf", "sites": [1], "related": [], "creation_date": "2010-06-21 23:54:11", "content": "<p>a;lsdkjfadlskj</p><p>alkjsdfl;kj</p><p>as;ldkjf</p>", "start_publication": "2010-06-30 23:54:11", "authors": [1], "last_update": "2010-06-22 00:46:44", "slug": "hello-there", "categories": [2, 1]}}, {"pk": 3, "model": "zinnia.entry", "fields": {"status": 2, "end_publication": "2042-03-15 00:00:00", "comment_enabled": false, "tags": "", "image": "", "title": "Event test", "excerpt": "testing!this is an event test", "sites": [1], "related": [1], "creation_date": "2010-06-21 23:23:56", "content": "<h3>testing!</h3><p>this is an event test</p>", "start_publication": "2010-06-25 23:23:56", "authors": [1], "last_update": "2010-06-21 23:25:10", "slug": "event-test", "categories": [2]}}, {"pk": 2, "model": "zinnia.entry", "fields": {"status": 2, "end_publication": "2042-03-15 00:00:00", "comment_enabled": false, "tags": "", "image": "", "title": "hello", "excerpt": "just gonna test this out", "sites": [1], "related": [], "creation_date": "2010-06-10 01:43:10", "content": "<p>just gonna test this out</p>", "start_publication": "2010-06-11 01:43:10", "authors": [1], "last_update": "2010-06-10 01:44:54", "slug": "hello", "categories": [1]}}, {"pk": 1, "model": "zinnia.entry", "fields": {"status": 2, "end_publication": "2042-03-15 00:00:00", "comment_enabled": false, "tags": "", "image": "", "title": "KIPP Featured on NBC Nightly News", "excerpt": "See first-hand how KIPP is closing the gap in public education in this report by NBC Nightly News.See first-hand how KIPP is closing the gap in public education in this report by NBC Nightly News.See first-hand how KIPP is closing the gap in public education in this report by NBC ...", "sites": [1], "related": [3], "creation_date": "2010-06-07 22:27:50", "content": "<p>See first-hand how KIPP is closing the gap in public education in this report by NBC Nightly News.</p><p>See first-hand how KIPP is closing the gap in public education in this report by NBC Nightly News.</p><p>See first-hand how KIPP is closing the gap in public education in this report by NBC Nightly News.</p><p>See first-hand how KIPP is closing the gap in public education in this report by NBC Nightly News.;alkjd</p>", "start_publication": "2010-06-07 22:27:50", "authors": [1], "last_update": "2010-06-07 23:46:36", "slug": "kipp-featured-nbc-nightly-news", "categories": [1]}}, {"pk": 4, "model": "plugins.latestentriesplugin", "fields": {"tags": [], "template_to_render": "zinnia/cms/entry_list.html", "number_of_entries": 2, "categories": [], "authors": []}}, {"pk": 1, "model": "image_filer.folder", "fields": {"rght": 2, "uploaded_at": "2010-06-08 22:18:52", "name": "test", "parent": null, "level": 0, "created_at": "2010-06-08 22:18:52", "modified_at": "2010-06-08 22:18:52", "lft": 1, "tree_id": 1, "owner": 1}}, {"pk": 1, "model": "image_filer.image", "fields": {"subject_location": "", "date_taken": "2010-06-08 23:55:06", "can_use_for_teaching": false, "file": "catalogue/screen_shot_2010-05-29_at_51507_pm.png", "owner": 1, "_height_field": 399, "author": "", "usage_restriction_notes": "", "can_use_for_research": false, "must_always_publish_copyright": false, "folder": null, "has_all_mandatory_data": false, "default_caption": "", "original_filename": "Screen shot 2010-05-29 at 5.15.07 PM.png", "uploaded_at": "2010-06-08 23:55:06", "name": "", "notes": "", "modified_at": "2010-06-08 23:55:06", "can_use_for_print": false, "_width_field": 678, "contact": 1, "must_always_publish_author_credit": false, "default_alt_text": "", "can_use_for_private_use": false, "can_use_for_web": false}}, {"pk": 2, "model": "image_filer.image", "fields": {"subject_location": "", "date_taken": "2010-06-08 23:57:06", "can_use_for_teaching": false, "file": "catalogue/screen_shot_2010-05-29_at_51507_pm_1.png", "owner": 1, "_height_field": 399, "author": "", "usage_restriction_notes": "", "can_use_for_research": false, "must_always_publish_copyright": false, "folder": null, "has_all_mandatory_data": false, "default_caption": "", "original_filename": "Screen shot 2010-05-29 at 5.15.07 PM.png", "uploaded_at": "2010-06-08 23:57:06", "name": "", "notes": "", "modified_at": "2010-06-08 23:57:06", "can_use_for_print": false, "_width_field": 678, "contact": 1, "must_always_publish_author_credit": false, "default_alt_text": "", "can_use_for_private_use": false, "can_use_for_web": false}}, {"pk": 3, "model": "image_filer.image", "fields": {"subject_location": "", "date_taken": "2010-06-08 23:57:06", "can_use_for_teaching": false, "file": "catalogue/screen_shot_2010-05-29_at_51530_pm.png", "owner": 1, "_height_field": 399, "author": "", "usage_restriction_notes": "", "can_use_for_research": false, "must_always_publish_copyright": false, "folder": null, "has_all_mandatory_data": false, "default_caption": "", "original_filename": "Screen shot 2010-05-29 at 5.15.30 PM.png", "uploaded_at": "2010-06-08 23:57:06", "name": "", "notes": "", "modified_at": "2010-06-08 23:57:06", "can_use_for_print": false, "_width_field": 671, "contact": 1, "must_always_publish_author_credit": false, "default_alt_text": "", "can_use_for_private_use": false, "can_use_for_web": false}}, {"pk": 4, "model": "image_filer.image", "fields": {"subject_location": "", "date_taken": "2010-06-08 23:57:07", "can_use_for_teaching": false, "file": "catalogue/screen_shot_2010-06-07_at_94951_am_2.png", "owner": 1, "_height_field": 768, "author": "", "usage_restriction_notes": "", "can_use_for_research": false, "must_always_publish_copyright": false, "folder": null, "has_all_mandatory_data": false, "default_caption": "", "original_filename": "Screen shot 2010-06-07 at 9.49.51 AM (2).png", "uploaded_at": "2010-06-08 23:57:07", "name": "", "notes": "", "modified_at": "2010-06-08 23:57:07", "can_use_for_print": false, "_width_field": 1360, "contact": 1, "must_always_publish_author_credit": false, "default_alt_text": "", "can_use_for_private_use": false, "can_use_for_web": false}}, {"pk": 1, "model": "image_filer.clipboard", "fields": {"user": 1}}, {"pk": 1, "model": "image_filer.clipboarditem", "fields": {"is_checked": true, "clipboard": 1, "file": 2}}, {"pk": 2, "model": "image_filer.clipboarditem", "fields": {"is_checked": true, "clipboard": 1, "file": 3}}, {"pk": 3, "model": "image_filer.clipboarditem", "fields": {"is_checked": true, "clipboard": 1, "file": 4}}, {"pk": 1, "model": "reversion.revision", "fields": {"comment": "Initial version.", "date_created": "2010-06-09 00:04:03", "user": null}}, {"pk": 2, "model": "reversion.revision", "fields": {"comment": "Initial version.", "date_created": "2010-06-09 00:04:03", "user": null}}, {"pk": 3, "model": "reversion.revision", "fields": {"comment": "Initial version.", "date_created": "2010-06-09 00:04:03", "user": null}}, {"pk": 4, "model": "reversion.revision", "fields": {"comment": "Initial version.", "date_created": "2010-06-09 00:04:03", "user": null}}, {"pk": 5, "model": "reversion.revision", "fields": {"comment": "Initial version.", "date_created": "2010-06-09 00:04:03", "user": null}}, {"pk": 6, "model": "reversion.revision", "fields": {"comment": "Initial version.", "date_created": "2010-06-09 00:04:03", "user": null}}, {"pk": 7, "model": "reversion.revision", "fields": {"comment": "Initial version.", "date_created": "2010-06-09 00:04:03", "user": null}}, {"pk": 8, "model": "reversion.revision", "fields": {"comment": "Initial version.", "date_created": "2010-06-09 00:04:03", "user": null}}, {"pk": 9, "model": "reversion.revision", "fields": {"comment": "Initial version.", "date_created": "2010-06-09 00:04:03", "user": null}}, {"pk": 10, "model": "reversion.revision", "fields": {"comment": "Initial version.", "date_created": "2010-06-09 00:04:03", "user": null}}, {"pk": 11, "model": "reversion.revision", "fields": {"comment": "Initial version.", "date_created": "2010-06-09 00:04:03", "user": null}}, {"pk": 12, "model": "reversion.revision", "fields": {"comment": "Initial version.", "date_created": "2010-06-09 00:04:03", "user": null}}, {"pk": 13, "model": "reversion.revision", "fields": {"comment": "Initial version.", "date_created": "2010-06-09 00:04:03", "user": null}}, {"pk": 14, "model": "reversion.revision", "fields": {"comment": "Initial version.", "date_created": "2010-06-09 00:04:03", "user": null}}, {"pk": 15, "model": "reversion.revision", "fields": {"comment": "Initial version.", "date_created": "2010-06-09 00:04:03", "user": null}}, {"pk": 16, "model": "reversion.revision", "fields": {"comment": "Initial version.", "date_created": "2010-06-09 00:04:03", "user": null}}, {"pk": 17, "model": "reversion.revision", "fields": {"comment": "Initial version.", "date_created": "2010-06-09 00:04:03", "user": null}}, {"pk": 18, "model": "reversion.revision", "fields": {"comment": "", "date_created": "2010-06-09 22:20:19", "user": 1}}, {"pk": 19, "model": "reversion.revision", "fields": {"comment": "Changed published, in_navigation, publication_date and moderator_state.", "date_created": "2010-06-09 22:55:36", "user": 1}}, {"pk": 20, "model": "reversion.revision", "fields": {"comment": "", "date_created": "2010-06-09 22:56:41", "user": 1}}, {"pk": 21, "model": "reversion.revision", "fields": {"comment": "Changed published, in_navigation, publication_date and moderator_state.", "date_created": "2010-06-09 22:56:58", "user": 1}}, {"pk": 22, "model": "reversion.revision", "fields": {"comment": "Text plugin added to content_area", "date_created": "2010-06-09 23:06:46", "user": 1}}, {"pk": 23, "model": "reversion.revision", "fields": {"comment": "Text plugin edited at position 0 in content_area", "date_created": "2010-06-09 23:07:22", "user": 1}}, {"pk": 24, "model": "reversion.revision", "fields": {"comment": "", "date_created": "2010-06-09 23:17:47", "user": 1}}, {"pk": 25, "model": "reversion.revision", "fields": {"comment": "Changed published, in_navigation, publication_date and moderator_state.", "date_created": "2010-06-09 23:22:09", "user": 1}}, {"pk": 26, "model": "reversion.revision", "fields": {"comment": "FAQ List plugin added to content_area", "date_created": "2010-06-10 00:20:18", "user": 1}}, {"pk": 27, "model": "reversion.revision", "fields": {"comment": "FAQ List plugin edited at position 0 in content_area", "date_created": "2010-06-10 00:20:30", "user": 1}}, {"pk": 28, "model": "reversion.revision", "fields": {"comment": "FAQ List plugin at position 0 in content_area was deleted.", "date_created": "2010-06-10 00:21:11", "user": 1}}, {"pk": 29, "model": "reversion.revision", "fields": {"comment": "Changed moderator_state.", "date_created": "2010-06-10 00:21:13", "user": 1}}, {"pk": 30, "model": "reversion.revision", "fields": {"comment": "Changed reverse_id, navigation_extenders, application_urls and moderator_state.", "date_created": "2010-06-10 00:37:01", "user": 1}}, {"pk": 31, "model": "reversion.revision", "fields": {"comment": "Changed navigation_extenders, application_urls and moderator_state.", "date_created": "2010-06-10 00:37:52", "user": 1}}, {"pk": 32, "model": "reversion.revision", "fields": {"comment": "", "date_created": "2010-06-20 22:11:18", "user": 1}}, {"pk": 33, "model": "reversion.revision", "fields": {"comment": "Contact Form plugin added to content_area", "date_created": "2010-06-20 22:11:40", "user": 1}}, {"pk": 34, "model": "reversion.revision", "fields": {"comment": "Contact Form plugin edited at position 0 in content_area", "date_created": "2010-06-20 22:17:16", "user": 1}}, {"pk": 35, "model": "reversion.revision", "fields": {"comment": "Changed published, in_navigation, publication_date and moderator_state.", "date_created": "2010-06-20 22:17:20", "user": 1}}, {"pk": 36, "model": "reversion.revision", "fields": {"comment": "Changed title and moderator_state.", "date_created": "2010-06-20 22:17:46", "user": 1}}, {"pk": 37, "model": "reversion.revision", "fields": {"comment": "", "date_created": "2010-06-22 21:34:07", "user": 1}}, {"pk": 38, "model": "reversion.revision", "fields": {"comment": "FAQ List plugin added to content_area", "date_created": "2010-06-22 21:34:19", "user": 1}}, {"pk": 39, "model": "reversion.revision", "fields": {"comment": "FAQ List plugin edited at position 0 in content_area", "date_created": "2010-06-22 21:34:50", "user": 1}}, {"pk": 40, "model": "reversion.revision", "fields": {"comment": "FAQ Entry plugin added to content_area", "date_created": "2010-06-22 21:34:52", "user": 1}}, {"pk": 41, "model": "reversion.revision", "fields": {"comment": "FAQ Entry plugin at position 1 in content_area was deleted.", "date_created": "2010-06-22 21:35:07", "user": 1}}, {"pk": 42, "model": "reversion.revision", "fields": {"comment": "FAQ List plugin at position 0 in content_area was deleted.", "date_created": "2010-06-22 21:35:10", "user": 1}}, {"pk": 43, "model": "reversion.revision", "fields": {"comment": "FAQ Entry plugin added to content_area", "date_created": "2010-06-22 21:35:11", "user": 1}}, {"pk": 44, "model": "reversion.revision", "fields": {"comment": "Text plugin edited at position 0 in main_branding", "date_created": "2010-07-22 12:15:58", "user": 1}}, {"pk": 45, "model": "reversion.revision", "fields": {"comment": "Text plugin edited at position 0 in mission", "date_created": "2010-07-22 12:16:24", "user": 1}}, {"pk": 46, "model": "reversion.revision", "fields": {"comment": "Text plugin edited at position 0 in main_branding", "date_created": "2010-07-22 12:23:01", "user": 1}}, {"pk": 1, "model": "reversion.version", "fields": {"format": "xml", "object_repr": "Home", "object_id": "1", "content_type": 10, "serialized_data": "<?xml version=\"1.0\" encoding=\"utf-8\"?>\n<django-objects version=\"1.0\"><object pk=\"1\" model=\"cms.page\"><field type=\"CharField\" name=\"created_by\">matthew</field><field type=\"CharField\" name=\"changed_by\">script</field><field to=\"cms.page\" name=\"parent\" rel=\"ManyToOneRel\"><None></None></field><field type=\"DateTimeField\" name=\"creation_date\">2010-06-01 23:47:20</field><field type=\"DateTimeField\" name=\"publication_date\">2010-06-01 23:47:33</field><field type=\"DateTimeField\" name=\"publication_end_date\"><None></None></field><field type=\"BooleanField\" name=\"in_navigation\">False</field><field type=\"BooleanField\" name=\"soft_root\">False</field><field type=\"CharField\" name=\"reverse_id\"><None></None></field><field type=\"CharField\" name=\"navigation_extenders\"></field><field type=\"BooleanField\" name=\"published\">True</field><field type=\"CharField\" name=\"template\">base.html</field><field to=\"sites.site\" name=\"site\" rel=\"ManyToOneRel\">1</field><field type=\"SmallIntegerField\" name=\"moderator_state\">0</field><field type=\"PositiveIntegerField\" name=\"level\">0</field><field type=\"PositiveIntegerField\" name=\"lft\">1</field><field type=\"PositiveIntegerField\" name=\"rght\">2</field><field type=\"PositiveIntegerField\" name=\"tree_id\">1</field><field type=\"BooleanField\" name=\"login_required\">False</field><field type=\"BooleanField\" name=\"menu_login_required\">False</field><field to=\"cms.placeholder\" name=\"placeholders\" rel=\"ManyToManyRel\"><object pk=\"1\"></object><object pk=\"2\"></object><object pk=\"5\"></object><object pk=\"6\"></object><object pk=\"7\"></object><object pk=\"8\"></object><object pk=\"9\"></object><object pk=\"11\"></object><object pk=\"12\"></object></field></object></django-objects>", "revision": 1}}, {"pk": 2, "model": "reversion.version", "fields": {"format": "json", "object_repr": "Home (home)", "object_id": "1", "content_type": 18, "serialized_data": "[{\"pk\": 1, \"model\": \"cms.title\", \"fields\": {\"publisher_public\": 2, \"menu_title\": \"\", \"meta_keywords\": \"\", \"page_title\": \"\", \"language\": \"en\", \"title\": \"Home\", \"has_url_overwrite\": false, \"application_urls\": \"\", \"creation_date\": \"2010-06-01 23:47:20\", \"publisher_is_draft\": true, \"publisher_state\": 1, \"path\": \"home\", \"meta_description\": \"\", \"slug\": \"home\", \"redirect\": \"\", \"page\": 1}}]", "revision": 1}}, {"pk": 3, "model": "reversion.version", "fields": {"format": "json", "object_repr": "blog (blog)", "object_id": "3", "content_type": 18, "serialized_data": "[{\"pk\": 3, \"model\": \"cms.title\", \"fields\": {\"publisher_public\": null, \"menu_title\": \"\", \"meta_keywords\": \"\", \"page_title\": \"\", \"language\": \"en\", \"title\": \"blog\", \"has_url_overwrite\": false, \"application_urls\": \"\", \"creation_date\": \"2010-06-08 00:13:21\", \"publisher_is_draft\": true, \"publisher_state\": 1, \"path\": \"blog\", \"meta_description\": \"\", \"slug\": \"blog\", \"redirect\": \"\", \"page\": 3}}]", "revision": 2}}, {"pk": 4, "model": "reversion.version", "fields": {"format": "xml", "object_repr": "blog", "object_id": "3", "content_type": 10, "serialized_data": "<?xml version=\"1.0\" encoding=\"utf-8\"?>\n<django-objects version=\"1.0\"><object pk=\"3\" model=\"cms.page\"><field type=\"CharField\" name=\"created_by\">matthew</field><field type=\"CharField\" name=\"changed_by\">script</field><field to=\"cms.page\" name=\"parent\" rel=\"ManyToOneRel\"><None></None></field><field type=\"DateTimeField\" name=\"creation_date\">2010-06-08 00:13:21</field><field type=\"DateTimeField\" name=\"publication_date\">2010-06-08 00:13:51</field><field type=\"DateTimeField\" name=\"publication_end_date\"><None></None></field><field type=\"BooleanField\" name=\"in_navigation\">True</field><field type=\"BooleanField\" name=\"soft_root\">False</field><field type=\"CharField\" name=\"reverse_id\"><None></None></field><field type=\"CharField\" name=\"navigation_extenders\"></field><field type=\"BooleanField\" name=\"published\">True</field><field type=\"CharField\" name=\"template\">page.html</field><field to=\"sites.site\" name=\"site\" rel=\"ManyToOneRel\">1</field><field type=\"SmallIntegerField\" name=\"moderator_state\">0</field><field type=\"PositiveIntegerField\" name=\"level\">0</field><field type=\"PositiveIntegerField\" name=\"lft\">1</field><field type=\"PositiveIntegerField\" name=\"rght\">2</field><field type=\"PositiveIntegerField\" name=\"tree_id\">3</field><field type=\"BooleanField\" name=\"login_required\">False</field><field type=\"BooleanField\" name=\"menu_login_required\">False</field><field to=\"cms.placeholder\" name=\"placeholders\" rel=\"ManyToManyRel\"><object pk=\"10\"></object></field></object></django-objects>", "revision": 2}}, {"pk": 5, "model": "reversion.version", "fields": {"format": "xml", "object_repr": "1", "object_id": "1", "content_type": 17, "serialized_data": "<?xml version=\"1.0\" encoding=\"utf-8\"?>\n<django-objects version=\"1.0\"><object pk=\"1\" model=\"cms.cmsplugin\"><field to=\"cms.placeholder\" name=\"placeholder\" rel=\"ManyToOneRel\">1</field><field to=\"cms.cmsplugin\" name=\"parent\" rel=\"ManyToOneRel\"><None></None></field><field type=\"PositiveSmallIntegerField\" name=\"position\">0</field><field type=\"CharField\" name=\"language\">en</field><field type=\"CharField\" name=\"plugin_type\">TextPlugin</field><field type=\"DateTimeField\" name=\"creation_date\">2010-06-01 23:47:42</field><field type=\"PositiveIntegerField\" name=\"level\">0</field><field type=\"PositiveIntegerField\" name=\"lft\">1</field><field type=\"PositiveIntegerField\" name=\"rght\">2</field><field type=\"PositiveIntegerField\" name=\"tree_id\">1</field></object></django-objects>", "revision": 3}}, {"pk": 6, "model": "reversion.version", "fields": {"format": "xml", "object_repr": "2", "object_id": "2", "content_type": 17, "serialized_data": "<?xml version=\"1.0\" encoding=\"utf-8\"?>\n<django-objects version=\"1.0\"><object pk=\"2\" model=\"cms.cmsplugin\"><field to=\"cms.placeholder\" name=\"placeholder\" rel=\"ManyToOneRel\">1</field><field to=\"cms.cmsplugin\" name=\"parent\" rel=\"ManyToOneRel\"><None></None></field><field type=\"PositiveSmallIntegerField\" name=\"position\">1</field><field type=\"CharField\" name=\"language\">en</field><field type=\"CharField\" name=\"plugin_type\">GoogleMapPlugin</field><field type=\"DateTimeField\" name=\"creation_date\">2010-06-06 18:23:25</field><field type=\"PositiveIntegerField\" name=\"level\">0</field><field type=\"PositiveIntegerField\" name=\"lft\">1</field><field type=\"PositiveIntegerField\" name=\"rght\">2</field><field type=\"PositiveIntegerField\" name=\"tree_id\">2</field></object></django-objects>", "revision": 4}}, {"pk": 7, "model": "reversion.version", "fields": {"format": "xml", "object_repr": "3", "object_id": "3", "content_type": 17, "serialized_data": "<?xml version=\"1.0\" encoding=\"utf-8\"?>\n<django-objects version=\"1.0\"><object pk=\"3\" model=\"cms.cmsplugin\"><field to=\"cms.placeholder\" name=\"placeholder\" rel=\"ManyToOneRel\">6</field><field to=\"cms.cmsplugin\" name=\"parent\" rel=\"ManyToOneRel\"><None></None></field><field type=\"PositiveSmallIntegerField\" name=\"position\">0</field><field type=\"CharField\" name=\"language\">en</field><field type=\"CharField\" name=\"plugin_type\">TextPlugin</field><field type=\"DateTimeField\" name=\"creation_date\">2010-06-06 18:39:14</field><field type=\"PositiveIntegerField\" name=\"level\">0</field><field type=\"PositiveIntegerField\" name=\"lft\">1</field><field type=\"PositiveIntegerField\" name=\"rght\">2</field><field type=\"PositiveIntegerField\" name=\"tree_id\">3</field></object></django-objects>", "revision": 5}}, {"pk": 8, "model": "reversion.version", "fields": {"format": "xml", "object_repr": "4", "object_id": "4", "content_type": 17, "serialized_data": "<?xml version=\"1.0\" encoding=\"utf-8\"?>\n<django-objects version=\"1.0\"><object pk=\"4\" model=\"cms.cmsplugin\"><field to=\"cms.placeholder\" name=\"placeholder\" rel=\"ManyToOneRel\">7</field><field to=\"cms.cmsplugin\" name=\"parent\" rel=\"ManyToOneRel\"><None></None></field><field type=\"PositiveSmallIntegerField\" name=\"position\">0</field><field type=\"CharField\" name=\"language\">en</field><field type=\"CharField\" name=\"plugin_type\">CMSLatestEntriesPlugin</field><field type=\"DateTimeField\" name=\"creation_date\">2010-06-07 22:20:41</field><field type=\"PositiveIntegerField\" name=\"level\">0</field><field type=\"PositiveIntegerField\" name=\"lft\">1</field><field type=\"PositiveIntegerField\" name=\"rght\">2</field><field type=\"PositiveIntegerField\" name=\"tree_id\">4</field></object></django-objects>", "revision": 6}}, {"pk": 9, "model": "reversion.version", "fields": {"format": "xml", "object_repr": "5", "object_id": "5", "content_type": 17, "serialized_data": "<?xml version=\"1.0\" encoding=\"utf-8\"?>\n<django-objects version=\"1.0\"><object pk=\"5\" model=\"cms.cmsplugin\"><field to=\"cms.placeholder\" name=\"placeholder\" rel=\"ManyToOneRel\">6</field><field to=\"cms.cmsplugin\" name=\"parent\" rel=\"ManyToOneRel\"><None></None></field><field type=\"PositiveSmallIntegerField\" name=\"position\">1</field><field type=\"CharField\" name=\"language\">en</field><field type=\"CharField\" name=\"plugin_type\">SnippetPlugin</field><field type=\"DateTimeField\" name=\"creation_date\">2010-06-08 00:01:06</field><field type=\"PositiveIntegerField\" name=\"level\">0</field><field type=\"PositiveIntegerField\" name=\"lft\">1</field><field type=\"PositiveIntegerField\" name=\"rght\">2</field><field type=\"PositiveIntegerField\" name=\"tree_id\">5</field></object></django-objects>", "revision": 7}}, {"pk": 10, "model": "reversion.version", "fields": {"format": "xml", "object_repr": "6", "object_id": "6", "content_type": 17, "serialized_data": "<?xml version=\"1.0\" encoding=\"utf-8\"?>\n<django-objects version=\"1.0\"><object pk=\"6\" model=\"cms.cmsplugin\"><field to=\"cms.placeholder\" name=\"placeholder\" rel=\"ManyToOneRel\">10</field><field to=\"cms.cmsplugin\" name=\"parent\" rel=\"ManyToOneRel\"><None></None></field><field type=\"PositiveSmallIntegerField\" name=\"position\">0</field><field type=\"CharField\" name=\"language\">en</field><field type=\"CharField\" name=\"plugin_type\">CMSSelectedEntriesPlugin</field><field type=\"DateTimeField\" name=\"creation_date\">2010-06-08 00:15:43</field><field type=\"PositiveIntegerField\" name=\"level\">0</field><field type=\"PositiveIntegerField\" name=\"lft\">1</field><field type=\"PositiveIntegerField\" name=\"rght\">2</field><field type=\"PositiveIntegerField\" name=\"tree_id\">6</field></object></django-objects>", "revision": 8}}, {"pk": 11, "model": "reversion.version", "fields": {"format": "xml", "object_repr": "7", "object_id": "7", "content_type": 17, "serialized_data": "<?xml version=\"1.0\" encoding=\"utf-8\"?>\n<django-objects version=\"1.0\"><object pk=\"7\" model=\"cms.cmsplugin\"><field to=\"cms.placeholder\" name=\"placeholder\" rel=\"ManyToOneRel\">11</field><field to=\"cms.cmsplugin\" name=\"parent\" rel=\"ManyToOneRel\"><None></None></field><field type=\"PositiveSmallIntegerField\" name=\"position\">0</field><field type=\"CharField\" name=\"language\">en</field><field type=\"CharField\" name=\"plugin_type\">TextPlugin</field><field type=\"DateTimeField\" name=\"creation_date\">2010-06-08 01:39:31</field><field type=\"PositiveIntegerField\" name=\"level\">0</field><field type=\"PositiveIntegerField\" name=\"lft\">1</field><field type=\"PositiveIntegerField\" name=\"rght\">4</field><field type=\"PositiveIntegerField\" name=\"tree_id\">7</field></object></django-objects>", "revision": 9}}, {"pk": 12, "model": "reversion.version", "fields": {"format": "xml", "object_repr": "8", "object_id": "8", "content_type": 17, "serialized_data": "<?xml version=\"1.0\" encoding=\"utf-8\"?>\n<django-objects version=\"1.0\"><object pk=\"8\" model=\"cms.cmsplugin\"><field to=\"cms.placeholder\" name=\"placeholder\" rel=\"ManyToOneRel\">11</field><field to=\"cms.cmsplugin\" name=\"parent\" rel=\"ManyToOneRel\">7</field><field type=\"PositiveSmallIntegerField\" name=\"position\"><None></None></field><field type=\"CharField\" name=\"language\">en</field><field type=\"CharField\" name=\"plugin_type\">LinkPlugin</field><field type=\"DateTimeField\" name=\"creation_date\">2010-06-08 01:40:43</field><field type=\"PositiveIntegerField\" name=\"level\">1</field><field type=\"PositiveIntegerField\" name=\"lft\">2</field><field type=\"PositiveIntegerField\" name=\"rght\">3</field><field type=\"PositiveIntegerField\" name=\"tree_id\">7</field></object></django-objects>", "revision": 10}}, {"pk": 13, "model": "reversion.version", "fields": {"format": "xml", "object_repr": "9", "object_id": "9", "content_type": 17, "serialized_data": "<?xml version=\"1.0\" encoding=\"utf-8\"?>\n<django-objects version=\"1.0\"><object pk=\"9\" model=\"cms.cmsplugin\"><field to=\"cms.placeholder\" name=\"placeholder\" rel=\"ManyToOneRel\">12</field><field to=\"cms.cmsplugin\" name=\"parent\" rel=\"ManyToOneRel\"><None></None></field><field type=\"PositiveSmallIntegerField\" name=\"position\">0</field><field type=\"CharField\" name=\"language\">en</field><field type=\"CharField\" name=\"plugin_type\">PicturePlugin</field><field type=\"DateTimeField\" name=\"creation_date\">2010-06-08 23:19:44</field><field type=\"PositiveIntegerField\" name=\"level\">0</field><field type=\"PositiveIntegerField\" name=\"lft\">1</field><field type=\"PositiveIntegerField\" name=\"rght\">2</field><field type=\"PositiveIntegerField\" name=\"tree_id\">8</field></object></django-objects>", "revision": 11}}, {"pk": 14, "model": "reversion.version", "fields": {"format": "json", "object_repr": "Home (home)", "object_id": "2", "content_type": 18, "serialized_data": "[{\"pk\": 2, \"model\": \"cms.title\", \"fields\": {\"publisher_public\": null, \"menu_title\": \"\", \"meta_keywords\": \"\", \"page_title\": \"\", \"language\": \"en\", \"title\": \"Home\", \"has_url_overwrite\": false, \"application_urls\": \"\", \"creation_date\": \"2010-06-01 23:47:20\", \"publisher_is_draft\": false, \"publisher_state\": 0, \"path\": \"home\", \"meta_description\": \"\", \"slug\": \"home\", \"redirect\": \"\", \"page\": 2}}]", "revision": 12}}, {"pk": 15, "model": "reversion.version", "fields": {"format": "xml", "object_repr": "testing thismlaksdflkjalksjdfl...", "object_id": "1", "content_type": 19, "serialized_data": "<?xml version=\"1.0\" encoding=\"utf-8\"?>\n<django-objects version=\"1.0\"><object pk=\"1\" model=\"text.text\"><field to=\"cms.cmsplugin\" name=\"cmsplugin_ptr\" rel=\"OneToOneRel\">1</field><field type=\"TextField\" name=\"body\">&lt;p&gt;testing thismlaksdflkj&lt;/p&gt;&lt;p&gt;alksjdflaksjdhf&lt;/p&gt;&lt;p&gt;a;djklsf&lt;/p&gt;&lt;p&gt;[akl;hd&lt;/p&gt;</field></object></django-objects>", "revision": 13}}, {"pk": 16, "model": "reversion.version", "fields": {"format": "xml", "object_repr": "1", "object_id": "1", "content_type": 17, "serialized_data": "<?xml version=\"1.0\" encoding=\"utf-8\"?>\n<django-objects version=\"1.0\"><object pk=\"1\" model=\"cms.cmsplugin\"><field to=\"cms.placeholder\" name=\"placeholder\" rel=\"ManyToOneRel\">1</field><field to=\"cms.cmsplugin\" name=\"parent\" rel=\"ManyToOneRel\"><None></None></field><field type=\"PositiveSmallIntegerField\" name=\"position\">0</field><field type=\"CharField\" name=\"language\">en</field><field type=\"CharField\" name=\"plugin_type\">TextPlugin</field><field type=\"DateTimeField\" name=\"creation_date\">2010-06-01 23:47:42</field><field type=\"PositiveIntegerField\" name=\"level\">0</field><field type=\"PositiveIntegerField\" name=\"lft\">1</field><field type=\"PositiveIntegerField\" name=\"rght\">2</field><field type=\"PositiveIntegerField\" name=\"tree_id\">1</field></object></django-objects>", "revision": 13}}, {"pk": 17, "model": "reversion.version", "fields": {"format": "xml", "object_repr": "3", "object_id": "3", "content_type": 17, "serialized_data": "<?xml version=\"1.0\" encoding=\"utf-8\"?>\n<django-objects version=\"1.0\"><object pk=\"3\" model=\"cms.cmsplugin\"><field to=\"cms.placeholder\" name=\"placeholder\" rel=\"ManyToOneRel\">6</field><field to=\"cms.cmsplugin\" name=\"parent\" rel=\"ManyToOneRel\"><None></None></field><field type=\"PositiveSmallIntegerField\" name=\"position\">0</field><field type=\"CharField\" name=\"language\">en</field><field type=\"CharField\" name=\"plugin_type\">TextPlugin</field><field type=\"DateTimeField\" name=\"creation_date\">2010-06-06 18:39:14</field><field type=\"PositiveIntegerField\" name=\"level\">0</field><field type=\"PositiveIntegerField\" name=\"lft\">1</field><field type=\"PositiveIntegerField\" name=\"rght\">2</field><field type=\"PositiveIntegerField\" name=\"tree_id\">3</field></object></django-objects>", "revision": 14}}, {"pk": 18, "model": "reversion.version", "fields": {"format": "xml", "object_repr": "Mission &amp; VisionKIPP ......", "object_id": "3", "content_type": 19, "serialized_data": "<?xml version=\"1.0\" encoding=\"utf-8\"?>\n<django-objects version=\"1.0\"><object pk=\"3\" model=\"text.text\"><field to=\"cms.cmsplugin\" name=\"cmsplugin_ptr\" rel=\"OneToOneRel\">3</field><field type=\"TextField\" name=\"body\">&lt;h2&gt;Mission &amp;amp; Vision&lt;/h2&gt;&lt;p&gt;KIPP Endeavor Academy will build and preserve within each student the strong knowledge, skills, and character traits necessary to succesfully obtain a college degree.&amp;#160;&lt;/p&gt;&lt;p&gt;With integrity and compassion, students will have a vested interest in applying learned sills to surpass their own self-concern and better the world \u0003around them.&lt;/p&gt;</field></object></django-objects>", "revision": 14}}, {"pk": 19, "model": "reversion.version", "fields": {"format": "xml", "object_repr": "7", "object_id": "7", "content_type": 17, "serialized_data": "<?xml version=\"1.0\" encoding=\"utf-8\"?>\n<django-objects version=\"1.0\"><object pk=\"7\" model=\"cms.cmsplugin\"><field to=\"cms.placeholder\" name=\"placeholder\" rel=\"ManyToOneRel\">11</field><field to=\"cms.cmsplugin\" name=\"parent\" rel=\"ManyToOneRel\"><None></None></field><field type=\"PositiveSmallIntegerField\" name=\"position\">0</field><field type=\"CharField\" name=\"language\">en</field><field type=\"CharField\" name=\"plugin_type\">TextPlugin</field><field type=\"DateTimeField\" name=\"creation_date\">2010-06-08 01:39:31</field><field type=\"PositiveIntegerField\" name=\"level\">0</field><field type=\"PositiveIntegerField\" name=\"lft\">1</field><field type=\"PositiveIntegerField\" name=\"rght\">4</field><field type=\"PositiveIntegerField\" name=\"tree_id\">7</field></object></django-objects>", "revision": 15}}, {"pk": 20, "model": "reversion.version", "fields": {"format": "xml", "object_repr": "Work Hard. Play ......", "object_id": "7", "content_type": 19, "serialized_data": "<?xml version=\"1.0\" encoding=\"utf-8\"?>\n<django-objects version=\"1.0\"><object pk=\"7\" model=\"text.text\"><field to=\"cms.cmsplugin\" name=\"cmsplugin_ptr\" rel=\"OneToOneRel\">7</field><field type=\"TextField\" name=\"body\">&lt;h1&gt;Work Hard. Play Nice.&lt;/h1&gt;&lt;p&gt;Hello and welcome to KIPP Endeavor Academy (KEA) - a free public charter school. KIPP Endeavor Academy currently serves approximately 200 students from around Kansas City's urban core.&lt;/p&gt;&lt;a href=\"#\"&gt;Read more about KEA&lt;/a&gt;</field></object></django-objects>", "revision": 15}}, {"pk": 21, "model": "reversion.version", "fields": {"format": "xml", "object_repr": "photo_home-branding.jpg", "object_id": "9", "content_type": 20, "serialized_data": "<?xml version=\"1.0\" encoding=\"utf-8\"?>\n<django-objects version=\"1.0\"><object pk=\"9\" model=\"picture.picture\"><field type=\"FileField\" name=\"image\">cms_page_media/1/photo_home-branding.jpg</field><field type=\"CharField\" name=\"url\"></field><field to=\"cms.page\" name=\"page_link\" rel=\"ManyToOneRel\"><None></None></field><field type=\"CharField\" name=\"alt\"></field><field type=\"CharField\" name=\"longdesc\"></field><field type=\"CharField\" name=\"float\"><None></None></field></object></django-objects>", "revision": 16}}, {"pk": 22, "model": "reversion.version", "fields": {"format": "xml", "object_repr": "9", "object_id": "9", "content_type": 17, "serialized_data": "<?xml version=\"1.0\" encoding=\"utf-8\"?>\n<django-objects version=\"1.0\"><object pk=\"9\" model=\"cms.cmsplugin\"><field to=\"cms.placeholder\" name=\"placeholder\" rel=\"ManyToOneRel\">12</field><field to=\"cms.cmsplugin\" name=\"parent\" rel=\"ManyToOneRel\"><None></None></field><field type=\"PositiveSmallIntegerField\" name=\"position\">0</field><field type=\"CharField\" name=\"language\">en</field><field type=\"CharField\" name=\"plugin_type\">PicturePlugin</field><field type=\"DateTimeField\" name=\"creation_date\">2010-06-08 23:19:44</field><field type=\"PositiveIntegerField\" name=\"level\">0</field><field type=\"PositiveIntegerField\" name=\"lft\">1</field><field type=\"PositiveIntegerField\" name=\"rght\">2</field><field type=\"PositiveIntegerField\" name=\"tree_id\">8</field></object></django-objects>", "revision": 16}}, {"pk": 23, "model": "reversion.version", "fields": {"format": "xml", "object_repr": "4", "object_id": "4", "content_type": 17, "serialized_data": "<?xml version=\"1.0\" encoding=\"utf-8\"?>\n<django-objects version=\"1.0\"><object pk=\"4\" model=\"cms.cmsplugin\"><field to=\"cms.placeholder\" name=\"placeholder\" rel=\"ManyToOneRel\">7</field><field to=\"cms.cmsplugin\" name=\"parent\" rel=\"ManyToOneRel\"><None></None></field><field type=\"PositiveSmallIntegerField\" name=\"position\">0</field><field type=\"CharField\" name=\"language\">en</field><field type=\"CharField\" name=\"plugin_type\">CMSLatestEntriesPlugin</field><field type=\"DateTimeField\" name=\"creation_date\">2010-06-07 22:20:41</field><field type=\"PositiveIntegerField\" name=\"level\">0</field><field type=\"PositiveIntegerField\" name=\"lft\">1</field><field type=\"PositiveIntegerField\" name=\"rght\">2</field><field type=\"PositiveIntegerField\" name=\"tree_id\">4</field></object></django-objects>", "revision": 17}}, {"pk": 24, "model": "reversion.version", "fields": {"format": "xml", "object_repr": "2 entries", "object_id": "4", "content_type": 30, "serialized_data": "<?xml version=\"1.0\" encoding=\"utf-8\"?>\n<django-objects version=\"1.0\"><object pk=\"4\" model=\"plugins.latestentriesplugin\"><field type=\"IntegerField\" name=\"number_of_entries\">2</field><field type=\"CharField\" name=\"template_to_render\">zinnia/cms/entry_list.html</field><field to=\"zinnia.category\" name=\"categories\" rel=\"ManyToManyRel\"></field><field to=\"auth.user\" name=\"authors\" rel=\"ManyToManyRel\"></field><field to=\"tagging.tag\" name=\"tags\" rel=\"ManyToManyRel\"></field></object></django-objects>", "revision": 17}}, {"pk": 25, "model": "reversion.version", "fields": {"format": "xml", "object_repr": "About KIPP Endeavor", "object_id": "4", "content_type": 10, "serialized_data": "<?xml version=\"1.0\" encoding=\"utf-8\"?>\n<django-objects version=\"1.0\"><object pk=\"4\" model=\"cms.page\"><field type=\"CharField\" name=\"created_by\">matthew</field><field type=\"CharField\" name=\"changed_by\">matthew</field><field to=\"cms.page\" name=\"parent\" rel=\"ManyToOneRel\"><None></None></field><field type=\"DateTimeField\" name=\"creation_date\">2010-06-09 22:20:19</field><field type=\"DateTimeField\" name=\"publication_date\"><None></None></field><field type=\"DateTimeField\" name=\"publication_end_date\"><None></None></field><field type=\"BooleanField\" name=\"in_navigation\">False</field><field type=\"BooleanField\" name=\"soft_root\">False</field><field type=\"CharField\" name=\"reverse_id\"><None></None></field><field type=\"CharField\" name=\"navigation_extenders\"></field><field type=\"BooleanField\" name=\"published\">False</field><field type=\"CharField\" name=\"template\">page.html</field><field to=\"sites.site\" name=\"site\" rel=\"ManyToOneRel\">1</field><field type=\"SmallIntegerField\" name=\"moderator_state\">0</field><field type=\"PositiveIntegerField\" name=\"level\">0</field><field type=\"PositiveIntegerField\" name=\"lft\">1</field><field type=\"PositiveIntegerField\" name=\"rght\">2</field><field type=\"PositiveIntegerField\" name=\"tree_id\">4</field><field type=\"BooleanField\" name=\"login_required\">False</field><field type=\"BooleanField\" name=\"menu_login_required\">False</field><field to=\"cms.placeholder\" name=\"placeholders\" rel=\"ManyToManyRel\"><object pk=\"19\"></object></field></object></django-objects>", "revision": 18}}, {"pk": 26, "model": "reversion.version", "fields": {"format": "json", "object_repr": "About KIPP Endeavor (about)", "object_id": "4", "content_type": 18, "serialized_data": "[{\"pk\": 4, \"model\": \"cms.title\", \"fields\": {\"publisher_public\": null, \"menu_title\": null, \"meta_keywords\": null, \"page_title\": null, \"language\": \"en\", \"title\": \"About KIPP Endeavor\", \"has_url_overwrite\": false, \"application_urls\": null, \"creation_date\": \"2010-06-09 22:20:19\", \"publisher_is_draft\": 1, \"publisher_state\": 1, \"path\": \"about\", \"meta_description\": null, \"slug\": \"about\", \"redirect\": null, \"page\": 4}}]", "revision": 18}}, {"pk": 27, "model": "reversion.version", "fields": {"format": "xml", "object_repr": "About KIPP Endeavor", "object_id": "4", "content_type": 10, "serialized_data": "<?xml version=\"1.0\" encoding=\"utf-8\"?>\n<django-objects version=\"1.0\"><object pk=\"4\" model=\"cms.page\"><field type=\"CharField\" name=\"created_by\">matthew</field><field type=\"CharField\" name=\"changed_by\">matthew</field><field to=\"cms.page\" name=\"parent\" rel=\"ManyToOneRel\"><None></None></field><field type=\"DateTimeField\" name=\"creation_date\">2010-06-09 22:20:19</field><field type=\"DateTimeField\" name=\"publication_date\">2010-06-09 22:55:24</field><field type=\"DateTimeField\" name=\"publication_end_date\"><None></None></field><field type=\"BooleanField\" name=\"in_navigation\">True</field><field type=\"BooleanField\" name=\"soft_root\">False</field><field type=\"CharField\" name=\"reverse_id\"><None></None></field><field type=\"CharField\" name=\"navigation_extenders\"></field><field type=\"BooleanField\" name=\"published\">True</field><field type=\"CharField\" name=\"template\">page.html</field><field to=\"sites.site\" name=\"site\" rel=\"ManyToOneRel\">1</field><field type=\"SmallIntegerField\" name=\"moderator_state\">0</field><field type=\"PositiveIntegerField\" name=\"level\">0</field><field type=\"PositiveIntegerField\" name=\"lft\">1</field><field type=\"PositiveIntegerField\" name=\"rght\">2</field><field type=\"PositiveIntegerField\" name=\"tree_id\">4</field><field type=\"BooleanField\" name=\"login_required\">False</field><field type=\"BooleanField\" name=\"menu_login_required\">False</field><field to=\"cms.placeholder\" name=\"placeholders\" rel=\"ManyToManyRel\"><object pk=\"19\"></object></field></object></django-objects>", "revision": 19}}, {"pk": 28, "model": "reversion.version", "fields": {"format": "json", "object_repr": "About KIPP Endeavor (about)", "object_id": "4", "content_type": 18, "serialized_data": "[{\"pk\": 4, \"model\": \"cms.title\", \"fields\": {\"publisher_public\": null, \"menu_title\": \"\", \"meta_keywords\": \"\", \"page_title\": \"\", \"language\": \"en\", \"title\": \"About KIPP Endeavor\", \"has_url_overwrite\": false, \"application_urls\": \"\", \"creation_date\": \"2010-06-09 22:20:19\", \"publisher_is_draft\": true, \"publisher_state\": 1, \"path\": \"about\", \"meta_description\": \"\", \"slug\": \"about\", \"redirect\": \"\", \"page\": 4}}]", "revision": 19}}, {"pk": 29, "model": "reversion.version", "fields": {"format": "xml", "object_repr": "Students & Families", "object_id": "5", "content_type": 10, "serialized_data": "<?xml version=\"1.0\" encoding=\"utf-8\"?>\n<django-objects version=\"1.0\"><object pk=\"5\" model=\"cms.page\"><field type=\"CharField\" name=\"created_by\">matthew</field><field type=\"CharField\" name=\"changed_by\">matthew</field><field to=\"cms.page\" name=\"parent\" rel=\"ManyToOneRel\"><None></None></field><field type=\"DateTimeField\" name=\"creation_date\">2010-06-09 22:56:41</field><field type=\"DateTimeField\" name=\"publication_date\"><None></None></field><field type=\"DateTimeField\" name=\"publication_end_date\"><None></None></field><field type=\"BooleanField\" name=\"in_navigation\">False</field><field type=\"BooleanField\" name=\"soft_root\">False</field><field type=\"CharField\" name=\"reverse_id\"><None></None></field><field type=\"CharField\" name=\"navigation_extenders\"></field><field type=\"BooleanField\" name=\"published\">False</field><field type=\"CharField\" name=\"template\">page.html</field><field to=\"sites.site\" name=\"site\" rel=\"ManyToOneRel\">1</field><field type=\"SmallIntegerField\" name=\"moderator_state\">0</field><field type=\"PositiveIntegerField\" name=\"level\">0</field><field type=\"PositiveIntegerField\" name=\"lft\">1</field><field type=\"PositiveIntegerField\" name=\"rght\">2</field><field type=\"PositiveIntegerField\" name=\"tree_id\">4</field><field type=\"BooleanField\" name=\"login_required\">False</field><field type=\"BooleanField\" name=\"menu_login_required\">False</field><field to=\"cms.placeholder\" name=\"placeholders\" rel=\"ManyToManyRel\"><object pk=\"20\"></object></field></object></django-objects>", "revision": 20}}, {"pk": 30, "model": "reversion.version", "fields": {"format": "json", "object_repr": "Students & Families (students-families)", "object_id": "5", "content_type": 18, "serialized_data": "[{\"pk\": 5, \"model\": \"cms.title\", \"fields\": {\"publisher_public\": null, \"menu_title\": null, \"meta_keywords\": null, \"page_title\": null, \"language\": \"en\", \"title\": \"Students & Families\", \"has_url_overwrite\": false, \"application_urls\": null, \"creation_date\": \"2010-06-09 22:56:41\", \"publisher_is_draft\": 1, \"publisher_state\": 1, \"path\": \"students-families\", \"meta_description\": null, \"slug\": \"students-families\", \"redirect\": null, \"page\": 5}}]", "revision": 20}}, {"pk": 31, "model": "reversion.version", "fields": {"format": "xml", "object_repr": "Students & Families", "object_id": "5", "content_type": 10, "serialized_data": "<?xml version=\"1.0\" encoding=\"utf-8\"?>\n<django-objects version=\"1.0\"><object pk=\"5\" model=\"cms.page\"><field type=\"CharField\" name=\"created_by\">matthew</field><field type=\"CharField\" name=\"changed_by\">matthew</field><field to=\"cms.page\" name=\"parent\" rel=\"ManyToOneRel\"><None></None></field><field type=\"DateTimeField\" name=\"creation_date\">2010-06-09 22:56:41</field><field type=\"DateTimeField\" name=\"publication_date\">2010-06-09 22:56:52</field><field type=\"DateTimeField\" name=\"publication_end_date\"><None></None></field><field type=\"BooleanField\" name=\"in_navigation\">True</field><field type=\"BooleanField\" name=\"soft_root\">False</field><field type=\"CharField\" name=\"reverse_id\"><None></None></field><field type=\"CharField\" name=\"navigation_extenders\"></field><field type=\"BooleanField\" name=\"published\">True</field><field type=\"CharField\" name=\"template\">page.html</field><field to=\"sites.site\" name=\"site\" rel=\"ManyToOneRel\">1</field><field type=\"SmallIntegerField\" name=\"moderator_state\">0</field><field type=\"PositiveIntegerField\" name=\"level\">0</field><field type=\"PositiveIntegerField\" name=\"lft\">1</field><field type=\"PositiveIntegerField\" name=\"rght\">2</field><field type=\"PositiveIntegerField\" name=\"tree_id\">4</field><field type=\"BooleanField\" name=\"login_required\">False</field><field type=\"BooleanField\" name=\"menu_login_required\">False</field><field to=\"cms.placeholder\" name=\"placeholders\" rel=\"ManyToManyRel\"><object pk=\"20\"></object></field></object></django-objects>", "revision": 21}}, {"pk": 32, "model": "reversion.version", "fields": {"format": "json", "object_repr": "Students & Families (students-families)", "object_id": "5", "content_type": 18, "serialized_data": "[{\"pk\": 5, \"model\": \"cms.title\", \"fields\": {\"publisher_public\": null, \"menu_title\": \"\", \"meta_keywords\": \"\", \"page_title\": \"\", \"language\": \"en\", \"title\": \"Students & Families\", \"has_url_overwrite\": false, \"application_urls\": \"\", \"creation_date\": \"2010-06-09 22:56:41\", \"publisher_is_draft\": true, \"publisher_state\": 1, \"path\": \"students-families\", \"meta_description\": \"\", \"slug\": \"students-families\", \"redirect\": \"\", \"page\": 5}}]", "revision": 21}}, {"pk": 33, "model": "reversion.version", "fields": {"format": "xml", "object_repr": "10", "object_id": "10", "content_type": 17, "serialized_data": "<?xml version=\"1.0\" encoding=\"utf-8\"?>\n<django-objects version=\"1.0\"><object pk=\"10\" model=\"cms.cmsplugin\"><field to=\"cms.placeholder\" name=\"placeholder\" rel=\"ManyToOneRel\">20</field><field to=\"cms.cmsplugin\" name=\"parent\" rel=\"ManyToOneRel\"><None></None></field><field type=\"PositiveSmallIntegerField\" name=\"position\">0</field><field type=\"CharField\" name=\"language\">en</field><field type=\"CharField\" name=\"plugin_type\">TextPlugin</field><field type=\"DateTimeField\" name=\"creation_date\">2010-06-09 23:06:46</field><field type=\"PositiveIntegerField\" name=\"level\">0</field><field type=\"PositiveIntegerField\" name=\"lft\">1</field><field type=\"PositiveIntegerField\" name=\"rght\">2</field><field type=\"PositiveIntegerField\" name=\"tree_id\">9</field></object></django-objects>", "revision": 22}}, {"pk": 34, "model": "reversion.version", "fields": {"format": "xml", "object_repr": "Students & Families", "object_id": "5", "content_type": 10, "serialized_data": "<?xml version=\"1.0\" encoding=\"utf-8\"?>\n<django-objects version=\"1.0\"><object pk=\"5\" model=\"cms.page\"><field type=\"CharField\" name=\"created_by\">matthew</field><field type=\"CharField\" name=\"changed_by\">matthew</field><field to=\"cms.page\" name=\"parent\" rel=\"ManyToOneRel\">1</field><field type=\"DateTimeField\" name=\"creation_date\">2010-06-09 22:56:41</field><field type=\"DateTimeField\" name=\"publication_date\">2010-06-09 22:56:52</field><field type=\"DateTimeField\" name=\"publication_end_date\"><None></None></field><field type=\"BooleanField\" name=\"in_navigation\">True</field><field type=\"BooleanField\" name=\"soft_root\">False</field><field type=\"CharField\" name=\"reverse_id\"><None></None></field><field type=\"CharField\" name=\"navigation_extenders\"></field><field type=\"BooleanField\" name=\"published\">True</field><field type=\"CharField\" name=\"template\">page.html</field><field to=\"sites.site\" name=\"site\" rel=\"ManyToOneRel\">1</field><field type=\"SmallIntegerField\" name=\"moderator_state\">0</field><field type=\"PositiveIntegerField\" name=\"level\">1</field><field type=\"PositiveIntegerField\" name=\"lft\">4</field><field type=\"PositiveIntegerField\" name=\"rght\">5</field><field type=\"PositiveIntegerField\" name=\"tree_id\">1</field><field type=\"BooleanField\" name=\"login_required\">False</field><field type=\"BooleanField\" name=\"menu_login_required\">False</field><field to=\"cms.placeholder\" name=\"placeholders\" rel=\"ManyToManyRel\"><object pk=\"20\"></object></field></object></django-objects>", "revision": 22}}, {"pk": 35, "model": "reversion.version", "fields": {"format": "json", "object_repr": "Students & Families (students-families)", "object_id": "5", "content_type": 18, "serialized_data": "[{\"pk\": 5, \"model\": \"cms.title\", \"fields\": {\"publisher_public\": null, \"menu_title\": \"\", \"meta_keywords\": \"\", \"page_title\": \"\", \"language\": \"en\", \"title\": \"Students & Families\", \"has_url_overwrite\": false, \"application_urls\": \"\", \"creation_date\": \"2010-06-09 22:56:41\", \"publisher_is_draft\": true, \"publisher_state\": 1, \"path\": \"home/students-families\", \"meta_description\": \"\", \"slug\": \"students-families\", \"redirect\": \"\", \"page\": 5}}]", "revision": 22}}, {"pk": 36, "model": "reversion.version", "fields": {"format": "xml", "object_repr": "Hello and welcome ......", "object_id": "10", "content_type": 19, "serialized_data": "<?xml version=\"1.0\" encoding=\"utf-8\"?>\n<django-objects version=\"1.0\"><object pk=\"10\" model=\"text.text\"><field to=\"cms.cmsplugin\" name=\"cmsplugin_ptr\" rel=\"OneToOneRel\">10</field><field type=\"TextField\" name=\"body\">&lt;p&gt;Hello and welcome to KIPP Endeavor Academy (KEA), a free public charter school! KIPP Endeavor Academy currently serves approximately 200 students from around Kansas City's urban core. Our founding group of students is known as the class of \"2015,\" the year they will attend college. KEA presently hosts 5th, 6th and 7th grade students, and will be adding the 8th grade for the 2010-2011 school year.&lt;/p&gt;</field></object></django-objects>", "revision": 23}}, {"pk": 37, "model": "reversion.version", "fields": {"format": "xml", "object_repr": "10", "object_id": "10", "content_type": 17, "serialized_data": "<?xml version=\"1.0\" encoding=\"utf-8\"?>\n<django-objects version=\"1.0\"><object pk=\"10\" model=\"cms.cmsplugin\"><field to=\"cms.placeholder\" name=\"placeholder\" rel=\"ManyToOneRel\">20</field><field to=\"cms.cmsplugin\" name=\"parent\" rel=\"ManyToOneRel\"><None></None></field><field type=\"PositiveSmallIntegerField\" name=\"position\">0</field><field type=\"CharField\" name=\"language\">en</field><field type=\"CharField\" name=\"plugin_type\">TextPlugin</field><field type=\"DateTimeField\" name=\"creation_date\">2010-06-09 23:06:46</field><field type=\"PositiveIntegerField\" name=\"level\">0</field><field type=\"PositiveIntegerField\" name=\"lft\">1</field><field type=\"PositiveIntegerField\" name=\"rght\">2</field><field type=\"PositiveIntegerField\" name=\"tree_id\">9</field></object></django-objects>", "revision": 23}}, {"pk": 38, "model": "reversion.version", "fields": {"format": "xml", "object_repr": "Students & Families", "object_id": "5", "content_type": 10, "serialized_data": "<?xml version=\"1.0\" encoding=\"utf-8\"?>\n<django-objects version=\"1.0\"><object pk=\"5\" model=\"cms.page\"><field type=\"CharField\" name=\"created_by\">matthew</field><field type=\"CharField\" name=\"changed_by\">matthew</field><field to=\"cms.page\" name=\"parent\" rel=\"ManyToOneRel\">1</field><field type=\"DateTimeField\" name=\"creation_date\">2010-06-09 22:56:41</field><field type=\"DateTimeField\" name=\"publication_date\">2010-06-09 22:56:52</field><field type=\"DateTimeField\" name=\"publication_end_date\"><None></None></field><field type=\"BooleanField\" name=\"in_navigation\">True</field><field type=\"BooleanField\" name=\"soft_root\">False</field><field type=\"CharField\" name=\"reverse_id\"><None></None></field><field type=\"CharField\" name=\"navigation_extenders\"></field><field type=\"BooleanField\" name=\"published\">True</field><field type=\"CharField\" name=\"template\">page.html</field><field to=\"sites.site\" name=\"site\" rel=\"ManyToOneRel\">1</field><field type=\"SmallIntegerField\" name=\"moderator_state\">0</field><field type=\"PositiveIntegerField\" name=\"level\">1</field><field type=\"PositiveIntegerField\" name=\"lft\">4</field><field type=\"PositiveIntegerField\" name=\"rght\">5</field><field type=\"PositiveIntegerField\" name=\"tree_id\">1</field><field type=\"BooleanField\" name=\"login_required\">False</field><field type=\"BooleanField\" name=\"menu_login_required\">False</field><field to=\"cms.placeholder\" name=\"placeholders\" rel=\"ManyToManyRel\"><object pk=\"20\"></object></field></object></django-objects>", "revision": 23}}, {"pk": 39, "model": "reversion.version", "fields": {"format": "json", "object_repr": "Students & Families (students-families)", "object_id": "5", "content_type": 18, "serialized_data": "[{\"pk\": 5, \"model\": \"cms.title\", \"fields\": {\"publisher_public\": null, \"menu_title\": \"\", \"meta_keywords\": \"\", \"page_title\": \"\", \"language\": \"en\", \"title\": \"Students & Families\", \"has_url_overwrite\": false, \"application_urls\": \"\", \"creation_date\": \"2010-06-09 22:56:41\", \"publisher_is_draft\": true, \"publisher_state\": 1, \"path\": \"home/students-families\", \"meta_description\": \"\", \"slug\": \"students-families\", \"redirect\": \"\", \"page\": 5}}]", "revision": 23}}, {"pk": 40, "model": "reversion.version", "fields": {"format": "xml", "object_repr": "Get involved", "object_id": "6", "content_type": 10, "serialized_data": "<?xml version=\"1.0\" encoding=\"utf-8\"?>\n<django-objects version=\"1.0\"><object pk=\"6\" model=\"cms.page\"><field type=\"CharField\" name=\"created_by\">matthew</field><field type=\"CharField\" name=\"changed_by\">matthew</field><field to=\"cms.page\" name=\"parent\" rel=\"ManyToOneRel\"><None></None></field><field type=\"DateTimeField\" name=\"creation_date\">2010-06-09 23:17:47</field><field type=\"DateTimeField\" name=\"publication_date\"><None></None></field><field type=\"DateTimeField\" name=\"publication_end_date\"><None></None></field><field type=\"BooleanField\" name=\"in_navigation\">False</field><field type=\"BooleanField\" name=\"soft_root\">False</field><field type=\"CharField\" name=\"reverse_id\"><None></None></field><field type=\"CharField\" name=\"navigation_extenders\"></field><field type=\"BooleanField\" name=\"published\">False</field><field type=\"CharField\" name=\"template\">page.html</field><field to=\"sites.site\" name=\"site\" rel=\"ManyToOneRel\">1</field><field type=\"SmallIntegerField\" name=\"moderator_state\">0</field><field type=\"PositiveIntegerField\" name=\"level\">0</field><field type=\"PositiveIntegerField\" name=\"lft\">1</field><field type=\"PositiveIntegerField\" name=\"rght\">2</field><field type=\"PositiveIntegerField\" name=\"tree_id\">4</field><field type=\"BooleanField\" name=\"login_required\">False</field><field type=\"BooleanField\" name=\"menu_login_required\">False</field><field to=\"cms.placeholder\" name=\"placeholders\" rel=\"ManyToManyRel\"><object pk=\"21\"></object></field></object></django-objects>", "revision": 24}}, {"pk": 41, "model": "reversion.version", "fields": {"format": "json", "object_repr": "Get involved (get-involved)", "object_id": "6", "content_type": 18, "serialized_data": "[{\"pk\": 6, \"model\": \"cms.title\", \"fields\": {\"publisher_public\": null, \"menu_title\": null, \"meta_keywords\": null, \"page_title\": null, \"language\": \"en\", \"title\": \"Get involved\", \"has_url_overwrite\": false, \"application_urls\": null, \"creation_date\": \"2010-06-09 23:17:47\", \"publisher_is_draft\": 1, \"publisher_state\": 1, \"path\": \"get-involved\", \"meta_description\": null, \"slug\": \"get-involved\", \"redirect\": null, \"page\": 6}}]", "revision": 24}}, {"pk": 42, "model": "reversion.version", "fields": {"format": "xml", "object_repr": "Get involved", "object_id": "6", "content_type": 10, "serialized_data": "<?xml version=\"1.0\" encoding=\"utf-8\"?>\n<django-objects version=\"1.0\"><object pk=\"6\" model=\"cms.page\"><field type=\"CharField\" name=\"created_by\">matthew</field><field type=\"CharField\" name=\"changed_by\">matthew</field><field to=\"cms.page\" name=\"parent\" rel=\"ManyToOneRel\"><None></None></field><field type=\"DateTimeField\" name=\"creation_date\">2010-06-09 23:17:47</field><field type=\"DateTimeField\" name=\"publication_date\">2010-06-09 23:22:03</field><field type=\"DateTimeField\" name=\"publication_end_date\"><None></None></field><field type=\"BooleanField\" name=\"in_navigation\">True</field><field type=\"BooleanField\" name=\"soft_root\">False</field><field type=\"CharField\" name=\"reverse_id\"><None></None></field><field type=\"CharField\" name=\"navigation_extenders\"></field><field type=\"BooleanField\" name=\"published\">True</field><field type=\"CharField\" name=\"template\">page.html</field><field to=\"sites.site\" name=\"site\" rel=\"ManyToOneRel\">1</field><field type=\"SmallIntegerField\" name=\"moderator_state\">0</field><field type=\"PositiveIntegerField\" name=\"level\">0</field><field type=\"PositiveIntegerField\" name=\"lft\">1</field><field type=\"PositiveIntegerField\" name=\"rght\">2</field><field type=\"PositiveIntegerField\" name=\"tree_id\">4</field><field type=\"BooleanField\" name=\"login_required\">False</field><field type=\"BooleanField\" name=\"menu_login_required\">False</field><field to=\"cms.placeholder\" name=\"placeholders\" rel=\"ManyToManyRel\"><object pk=\"21\"></object></field></object></django-objects>", "revision": 25}}, {"pk": 43, "model": "reversion.version", "fields": {"format": "json", "object_repr": "Get involved (get-involved)", "object_id": "6", "content_type": 18, "serialized_data": "[{\"pk\": 6, \"model\": \"cms.title\", \"fields\": {\"publisher_public\": null, \"menu_title\": \"\", \"meta_keywords\": \"\", \"page_title\": \"\", \"language\": \"en\", \"title\": \"Get involved\", \"has_url_overwrite\": false, \"application_urls\": \"\", \"creation_date\": \"2010-06-09 23:17:47\", \"publisher_is_draft\": true, \"publisher_state\": 1, \"path\": \"get-involved\", \"meta_description\": \"\", \"slug\": \"get-involved\", \"redirect\": \"\", \"page\": 6}}]", "revision": 25}}, {"pk": 44, "model": "reversion.version", "fields": {"format": "xml", "object_repr": "11", "object_id": "11", "content_type": 17, "serialized_data": "<?xml version=\"1.0\" encoding=\"utf-8\"?>\n<django-objects version=\"1.0\"><object pk=\"11\" model=\"cms.cmsplugin\"><field to=\"cms.placeholder\" name=\"placeholder\" rel=\"ManyToOneRel\">21</field><field to=\"cms.cmsplugin\" name=\"parent\" rel=\"ManyToOneRel\"><None></None></field><field type=\"PositiveSmallIntegerField\" name=\"position\">0</field><field type=\"CharField\" name=\"language\">en</field><field type=\"CharField\" name=\"plugin_type\">CMSFaqListPlugin</field><field type=\"DateTimeField\" name=\"creation_date\">2010-06-10 00:20:18</field><field type=\"PositiveIntegerField\" name=\"level\">0</field><field type=\"PositiveIntegerField\" name=\"lft\">1</field><field type=\"PositiveIntegerField\" name=\"rght\">2</field><field type=\"PositiveIntegerField\" name=\"tree_id\">10</field></object></django-objects>", "revision": 26}}, {"pk": 45, "model": "reversion.version", "fields": {"format": "json", "object_repr": "Get involved (get-involved)", "object_id": "6", "content_type": 18, "serialized_data": "[{\"pk\": 6, \"model\": \"cms.title\", \"fields\": {\"publisher_public\": null, \"menu_title\": \"\", \"meta_keywords\": \"\", \"page_title\": \"\", \"language\": \"en\", \"title\": \"Get involved\", \"has_url_overwrite\": false, \"application_urls\": \"\", \"creation_date\": \"2010-06-09 23:17:47\", \"publisher_is_draft\": true, \"publisher_state\": 1, \"path\": \"home/students-families/get-involved\", \"meta_description\": \"\", \"slug\": \"get-involved\", \"redirect\": \"\", \"page\": 6}}]", "revision": 26}}, {"pk": 46, "model": "reversion.version", "fields": {"format": "xml", "object_repr": "Get involved", "object_id": "6", "content_type": 10, "serialized_data": "<?xml version=\"1.0\" encoding=\"utf-8\"?>\n<django-objects version=\"1.0\"><object pk=\"6\" model=\"cms.page\"><field type=\"CharField\" name=\"created_by\">matthew</field><field type=\"CharField\" name=\"changed_by\">matthew</field><field to=\"cms.page\" name=\"parent\" rel=\"ManyToOneRel\">5</field><field type=\"DateTimeField\" name=\"creation_date\">2010-06-09 23:17:47</field><field type=\"DateTimeField\" name=\"publication_date\">2010-06-09 23:22:03</field><field type=\"DateTimeField\" name=\"publication_end_date\"><None></None></field><field type=\"BooleanField\" name=\"in_navigation\">True</field><field type=\"BooleanField\" name=\"soft_root\">False</field><field type=\"CharField\" name=\"reverse_id\"><None></None></field><field type=\"CharField\" name=\"navigation_extenders\"></field><field type=\"BooleanField\" name=\"published\">True</field><field type=\"CharField\" name=\"template\">page.html</field><field to=\"sites.site\" name=\"site\" rel=\"ManyToOneRel\">1</field><field type=\"SmallIntegerField\" name=\"moderator_state\">0</field><field type=\"PositiveIntegerField\" name=\"level\">2</field><field type=\"PositiveIntegerField\" name=\"lft\">5</field><field type=\"PositiveIntegerField\" name=\"rght\">6</field><field type=\"PositiveIntegerField\" name=\"tree_id\">1</field><field type=\"BooleanField\" name=\"login_required\">False</field><field type=\"BooleanField\" name=\"menu_login_required\">False</field><field to=\"cms.placeholder\" name=\"placeholders\" rel=\"ManyToManyRel\"><object pk=\"21\"></object></field></object></django-objects>", "revision": 26}}, {"pk": 47, "model": "reversion.version", "fields": {"format": "xml", "object_repr": "11", "object_id": "11", "content_type": 17, "serialized_data": "<?xml version=\"1.0\" encoding=\"utf-8\"?>\n<django-objects version=\"1.0\"><object pk=\"11\" model=\"cms.cmsplugin\"><field to=\"cms.placeholder\" name=\"placeholder\" rel=\"ManyToOneRel\">21</field><field to=\"cms.cmsplugin\" name=\"parent\" rel=\"ManyToOneRel\"><None></None></field><field type=\"PositiveSmallIntegerField\" name=\"position\">0</field><field type=\"CharField\" name=\"language\">en</field><field type=\"CharField\" name=\"plugin_type\">CMSFaqListPlugin</field><field type=\"DateTimeField\" name=\"creation_date\">2010-06-10 00:20:18</field><field type=\"PositiveIntegerField\" name=\"level\">0</field><field type=\"PositiveIntegerField\" name=\"lft\">1</field><field type=\"PositiveIntegerField\" name=\"rght\">2</field><field type=\"PositiveIntegerField\" name=\"tree_id\">10</field></object></django-objects>", "revision": 27}}, {"pk": 48, "model": "reversion.version", "fields": {"format": "xml", "object_repr": "Get involved", "object_id": "11", "content_type": 52, "serialized_data": "<?xml version=\"1.0\" encoding=\"utf-8\"?>\n<django-objects version=\"1.0\"><object pk=\"11\" model=\"cmsplugin_faq.faqlist\"><field type=\"PositiveSmallIntegerField\" name=\"truncate_body\">5</field><field type=\"BooleanField\" name=\"show_body\">True</field><field type=\"CharField\" name=\"css\">1</field></object></django-objects>", "revision": 27}}, {"pk": 49, "model": "reversion.version", "fields": {"format": "json", "object_repr": "Get involved (get-involved)", "object_id": "6", "content_type": 18, "serialized_data": "[{\"pk\": 6, \"model\": \"cms.title\", \"fields\": {\"publisher_public\": null, \"menu_title\": \"\", \"meta_keywords\": \"\", \"page_title\": \"\", \"language\": \"en\", \"title\": \"Get involved\", \"has_url_overwrite\": false, \"application_urls\": \"\", \"creation_date\": \"2010-06-09 23:17:47\", \"publisher_is_draft\": true, \"publisher_state\": 1, \"path\": \"home/students-families/get-involved\", \"meta_description\": \"\", \"slug\": \"get-involved\", \"redirect\": \"\", \"page\": 6}}]", "revision": 27}}, {"pk": 50, "model": "reversion.version", "fields": {"format": "xml", "object_repr": "Get involved", "object_id": "6", "content_type": 10, "serialized_data": "<?xml version=\"1.0\" encoding=\"utf-8\"?>\n<django-objects version=\"1.0\"><object pk=\"6\" model=\"cms.page\"><field type=\"CharField\" name=\"created_by\">matthew</field><field type=\"CharField\" name=\"changed_by\">matthew</field><field to=\"cms.page\" name=\"parent\" rel=\"ManyToOneRel\">5</field><field type=\"DateTimeField\" name=\"creation_date\">2010-06-09 23:17:47</field><field type=\"DateTimeField\" name=\"publication_date\">2010-06-09 23:22:03</field><field type=\"DateTimeField\" name=\"publication_end_date\"><None></None></field><field type=\"BooleanField\" name=\"in_navigation\">True</field><field type=\"BooleanField\" name=\"soft_root\">False</field><field type=\"CharField\" name=\"reverse_id\"><None></None></field><field type=\"CharField\" name=\"navigation_extenders\"></field><field type=\"BooleanField\" name=\"published\">True</field><field type=\"CharField\" name=\"template\">page.html</field><field to=\"sites.site\" name=\"site\" rel=\"ManyToOneRel\">1</field><field type=\"SmallIntegerField\" name=\"moderator_state\">0</field><field type=\"PositiveIntegerField\" name=\"level\">2</field><field type=\"PositiveIntegerField\" name=\"lft\">5</field><field type=\"PositiveIntegerField\" name=\"rght\">6</field><field type=\"PositiveIntegerField\" name=\"tree_id\">1</field><field type=\"BooleanField\" name=\"login_required\">False</field><field type=\"BooleanField\" name=\"menu_login_required\">False</field><field to=\"cms.placeholder\" name=\"placeholders\" rel=\"ManyToManyRel\"><object pk=\"21\"></object></field></object></django-objects>", "revision": 27}}, {"pk": 51, "model": "reversion.version", "fields": {"format": "json", "object_repr": "Get involved (get-involved)", "object_id": "6", "content_type": 18, "serialized_data": "[{\"pk\": 6, \"model\": \"cms.title\", \"fields\": {\"publisher_public\": null, \"menu_title\": \"\", \"meta_keywords\": \"\", \"page_title\": \"\", \"language\": \"en\", \"title\": \"Get involved\", \"has_url_overwrite\": false, \"application_urls\": \"\", \"creation_date\": \"2010-06-09 23:17:47\", \"publisher_is_draft\": true, \"publisher_state\": 1, \"path\": \"home/students-families/get-involved\", \"meta_description\": \"\", \"slug\": \"get-involved\", \"redirect\": \"\", \"page\": 6}}]", "revision": 28}}, {"pk": 52, "model": "reversion.version", "fields": {"format": "xml", "object_repr": "Get involved", "object_id": "6", "content_type": 10, "serialized_data": "<?xml version=\"1.0\" encoding=\"utf-8\"?>\n<django-objects version=\"1.0\"><object pk=\"6\" model=\"cms.page\"><field type=\"CharField\" name=\"created_by\">matthew</field><field type=\"CharField\" name=\"changed_by\">matthew</field><field to=\"cms.page\" name=\"parent\" rel=\"ManyToOneRel\">5</field><field type=\"DateTimeField\" name=\"creation_date\">2010-06-09 23:17:47</field><field type=\"DateTimeField\" name=\"publication_date\">2010-06-09 23:22:03</field><field type=\"DateTimeField\" name=\"publication_end_date\"><None></None></field><field type=\"BooleanField\" name=\"in_navigation\">True</field><field type=\"BooleanField\" name=\"soft_root\">False</field><field type=\"CharField\" name=\"reverse_id\"><None></None></field><field type=\"CharField\" name=\"navigation_extenders\"></field><field type=\"BooleanField\" name=\"published\">True</field><field type=\"CharField\" name=\"template\">page.html</field><field to=\"sites.site\" name=\"site\" rel=\"ManyToOneRel\">1</field><field type=\"SmallIntegerField\" name=\"moderator_state\">0</field><field type=\"PositiveIntegerField\" name=\"level\">2</field><field type=\"PositiveIntegerField\" name=\"lft\">5</field><field type=\"PositiveIntegerField\" name=\"rght\">6</field><field type=\"PositiveIntegerField\" name=\"tree_id\">1</field><field type=\"BooleanField\" name=\"login_required\">False</field><field type=\"BooleanField\" name=\"menu_login_required\">False</field><field to=\"cms.placeholder\" name=\"placeholders\" rel=\"ManyToManyRel\"><object pk=\"21\"></object></field></object></django-objects>", "revision": 28}}, {"pk": 53, "model": "reversion.version", "fields": {"format": "xml", "object_repr": "Get involved", "object_id": "6", "content_type": 10, "serialized_data": "<?xml version=\"1.0\" encoding=\"utf-8\"?>\n<django-objects version=\"1.0\"><object pk=\"6\" model=\"cms.page\"><field type=\"CharField\" name=\"created_by\">matthew</field><field type=\"CharField\" name=\"changed_by\">matthew</field><field to=\"cms.page\" name=\"parent\" rel=\"ManyToOneRel\">5</field><field type=\"DateTimeField\" name=\"creation_date\">2010-06-09 23:17:47</field><field type=\"DateTimeField\" name=\"publication_date\">2010-06-09 23:22:03</field><field type=\"DateTimeField\" name=\"publication_end_date\"><None></None></field><field type=\"BooleanField\" name=\"in_navigation\">True</field><field type=\"BooleanField\" name=\"soft_root\">False</field><field type=\"CharField\" name=\"reverse_id\"><None></None></field><field type=\"CharField\" name=\"navigation_extenders\"></field><field type=\"BooleanField\" name=\"published\">True</field><field type=\"CharField\" name=\"template\">page.html</field><field to=\"sites.site\" name=\"site\" rel=\"ManyToOneRel\">1</field><field type=\"SmallIntegerField\" name=\"moderator_state\">0</field><field type=\"PositiveIntegerField\" name=\"level\">2</field><field type=\"PositiveIntegerField\" name=\"lft\">5</field><field type=\"PositiveIntegerField\" name=\"rght\">6</field><field type=\"PositiveIntegerField\" name=\"tree_id\">1</field><field type=\"BooleanField\" name=\"login_required\">False</field><field type=\"BooleanField\" name=\"menu_login_required\">False</field><field to=\"cms.placeholder\" name=\"placeholders\" rel=\"ManyToManyRel\"><object pk=\"21\"></object></field></object></django-objects>", "revision": 29}}, {"pk": 54, "model": "reversion.version", "fields": {"format": "json", "object_repr": "Get involved (get-involved)", "object_id": "6", "content_type": 18, "serialized_data": "[{\"pk\": 6, \"model\": \"cms.title\", \"fields\": {\"publisher_public\": null, \"menu_title\": \"\", \"meta_keywords\": \"\", \"page_title\": \"\", \"language\": \"en\", \"title\": \"Get involved\", \"has_url_overwrite\": false, \"application_urls\": \"\", \"creation_date\": \"2010-06-09 23:17:47\", \"publisher_is_draft\": true, \"publisher_state\": 1, \"path\": \"home/students-families/get-involved\", \"meta_description\": \"\", \"slug\": \"get-involved\", \"redirect\": \"\", \"page\": 6}}]", "revision": 29}}, {"pk": 55, "model": "reversion.version", "fields": {"format": "xml", "object_repr": "Students & Families", "object_id": "5", "content_type": 10, "serialized_data": "<?xml version=\"1.0\" encoding=\"utf-8\"?>\n<django-objects version=\"1.0\"><object pk=\"5\" model=\"cms.page\"><field type=\"CharField\" name=\"created_by\">matthew</field><field type=\"CharField\" name=\"changed_by\">matthew</field><field to=\"cms.page\" name=\"parent\" rel=\"ManyToOneRel\">1</field><field type=\"DateTimeField\" name=\"creation_date\">2010-06-09 22:56:41</field><field type=\"DateTimeField\" name=\"publication_date\">2010-06-09 22:56:52</field><field type=\"DateTimeField\" name=\"publication_end_date\"><None></None></field><field type=\"BooleanField\" name=\"in_navigation\">True</field><field type=\"BooleanField\" name=\"soft_root\">False</field><field type=\"CharField\" name=\"reverse_id\">students-families</field><field type=\"CharField\" name=\"navigation_extenders\">EntryMenu</field><field type=\"BooleanField\" name=\"published\">True</field><field type=\"CharField\" name=\"template\">page.html</field><field to=\"sites.site\" name=\"site\" rel=\"ManyToOneRel\">1</field><field type=\"SmallIntegerField\" name=\"moderator_state\">0</field><field type=\"PositiveIntegerField\" name=\"level\">1</field><field type=\"PositiveIntegerField\" name=\"lft\">4</field><field type=\"PositiveIntegerField\" name=\"rght\">7</field><field type=\"PositiveIntegerField\" name=\"tree_id\">1</field><field type=\"BooleanField\" name=\"login_required\">False</field><field type=\"BooleanField\" name=\"menu_login_required\">False</field><field to=\"cms.placeholder\" name=\"placeholders\" rel=\"ManyToManyRel\"><object pk=\"20\"></object></field></object></django-objects>", "revision": 30}}, {"pk": 56, "model": "reversion.version", "fields": {"format": "json", "object_repr": "Students & Families (students-families)", "object_id": "5", "content_type": 18, "serialized_data": "[{\"pk\": 5, \"model\": \"cms.title\", \"fields\": {\"publisher_public\": null, \"menu_title\": \"\", \"meta_keywords\": \"\", \"page_title\": \"\", \"language\": \"en\", \"title\": \"Students & Families\", \"has_url_overwrite\": false, \"application_urls\": \"ZinniaApphook\", \"creation_date\": \"2010-06-09 22:56:41\", \"publisher_is_draft\": true, \"publisher_state\": 1, \"path\": \"home/students-families\", \"meta_description\": \"\", \"slug\": \"students-families\", \"redirect\": \"\", \"page\": 5}}]", "revision": 30}}, {"pk": 57, "model": "reversion.version", "fields": {"format": "xml", "object_repr": "Students & Families", "object_id": "5", "content_type": 10, "serialized_data": "<?xml version=\"1.0\" encoding=\"utf-8\"?>\n<django-objects version=\"1.0\"><object pk=\"5\" model=\"cms.page\"><field type=\"CharField\" name=\"created_by\">matthew</field><field type=\"CharField\" name=\"changed_by\">matthew</field><field to=\"cms.page\" name=\"parent\" rel=\"ManyToOneRel\">1</field><field type=\"DateTimeField\" name=\"creation_date\">2010-06-09 22:56:41</field><field type=\"DateTimeField\" name=\"publication_date\">2010-06-09 22:56:52</field><field type=\"DateTimeField\" name=\"publication_end_date\"><None></None></field><field type=\"BooleanField\" name=\"in_navigation\">True</field><field type=\"BooleanField\" name=\"soft_root\">False</field><field type=\"CharField\" name=\"reverse_id\">students-families</field><field type=\"CharField\" name=\"navigation_extenders\"></field><field type=\"BooleanField\" name=\"published\">True</field><field type=\"CharField\" name=\"template\">page.html</field><field to=\"sites.site\" name=\"site\" rel=\"ManyToOneRel\">1</field><field type=\"SmallIntegerField\" name=\"moderator_state\">0</field><field type=\"PositiveIntegerField\" name=\"level\">1</field><field type=\"PositiveIntegerField\" name=\"lft\">4</field><field type=\"PositiveIntegerField\" name=\"rght\">7</field><field type=\"PositiveIntegerField\" name=\"tree_id\">1</field><field type=\"BooleanField\" name=\"login_required\">False</field><field type=\"BooleanField\" name=\"menu_login_required\">False</field><field to=\"cms.placeholder\" name=\"placeholders\" rel=\"ManyToManyRel\"><object pk=\"20\"></object></field></object></django-objects>", "revision": 31}}, {"pk": 58, "model": "reversion.version", "fields": {"format": "json", "object_repr": "Students & Families (students-families)", "object_id": "5", "content_type": 18, "serialized_data": "[{\"pk\": 5, \"model\": \"cms.title\", \"fields\": {\"publisher_public\": null, \"menu_title\": \"\", \"meta_keywords\": \"\", \"page_title\": \"\", \"language\": \"en\", \"title\": \"Students & Families\", \"has_url_overwrite\": false, \"application_urls\": \"\", \"creation_date\": \"2010-06-09 22:56:41\", \"publisher_is_draft\": true, \"publisher_state\": 1, \"path\": \"home/students-families\", \"meta_description\": \"\", \"slug\": \"students-families\", \"redirect\": \"\", \"page\": 5}}]", "revision": 31}}, {"pk": 59, "model": "reversion.version", "fields": {"format": "xml", "object_repr": "Contact US", "object_id": "7", "content_type": 10, "serialized_data": "<?xml version=\"1.0\" encoding=\"utf-8\"?>\n<django-objects version=\"1.0\"><object pk=\"7\" model=\"cms.page\"><field type=\"CharField\" name=\"created_by\">matthew</field><field type=\"CharField\" name=\"changed_by\">matthew</field><field to=\"cms.page\" name=\"parent\" rel=\"ManyToOneRel\"><None></None></field><field type=\"DateTimeField\" name=\"creation_date\">2010-06-20 22:11:18</field><field type=\"DateTimeField\" name=\"publication_date\"><None></None></field><field type=\"DateTimeField\" name=\"publication_end_date\"><None></None></field><field type=\"BooleanField\" name=\"in_navigation\">False</field><field type=\"BooleanField\" name=\"soft_root\">False</field><field type=\"CharField\" name=\"reverse_id\"><None></None></field><field type=\"CharField\" name=\"navigation_extenders\"></field><field type=\"BooleanField\" name=\"published\">False</field><field type=\"CharField\" name=\"template\">page.html</field><field to=\"sites.site\" name=\"site\" rel=\"ManyToOneRel\">1</field><field type=\"SmallIntegerField\" name=\"moderator_state\">0</field><field type=\"PositiveIntegerField\" name=\"level\">0</field><field type=\"PositiveIntegerField\" name=\"lft\">1</field><field type=\"PositiveIntegerField\" name=\"rght\">2</field><field type=\"PositiveIntegerField\" name=\"tree_id\">4</field><field type=\"BooleanField\" name=\"login_required\">False</field><field type=\"BooleanField\" name=\"menu_login_required\">False</field><field to=\"cms.placeholder\" name=\"placeholders\" rel=\"ManyToManyRel\"><object pk=\"22\"></object></field></object></django-objects>", "revision": 32}}, {"pk": 60, "model": "reversion.version", "fields": {"format": "json", "object_repr": "Contact US (contact-us)", "object_id": "7", "content_type": 18, "serialized_data": "[{\"pk\": 7, \"model\": \"cms.title\", \"fields\": {\"publisher_public\": null, \"menu_title\": null, \"meta_keywords\": null, \"page_title\": null, \"language\": \"en\", \"title\": \"Contact US\", \"has_url_overwrite\": false, \"application_urls\": null, \"creation_date\": \"2010-06-20 22:11:18\", \"publisher_is_draft\": 1, \"publisher_state\": 1, \"path\": \"contact-us\", \"meta_description\": null, \"slug\": \"contact-us\", \"redirect\": null, \"page\": 7}}]", "revision": 32}}, {"pk": 61, "model": "reversion.version", "fields": {"format": "json", "object_repr": "Contact US (contact-us)", "object_id": "7", "content_type": 18, "serialized_data": "[{\"pk\": 7, \"model\": \"cms.title\", \"fields\": {\"publisher_public\": null, \"menu_title\": null, \"meta_keywords\": null, \"page_title\": null, \"language\": \"en\", \"title\": \"Contact US\", \"has_url_overwrite\": false, \"application_urls\": null, \"creation_date\": \"2010-06-20 22:11:18\", \"publisher_is_draft\": true, \"publisher_state\": 1, \"path\": \"contact-us\", \"meta_description\": null, \"slug\": \"contact-us\", \"redirect\": null, \"page\": 7}}]", "revision": 33}}, {"pk": 62, "model": "reversion.version", "fields": {"format": "xml", "object_repr": "11", "object_id": "11", "content_type": 17, "serialized_data": "<?xml version=\"1.0\" encoding=\"utf-8\"?>\n<django-objects version=\"1.0\"><object pk=\"11\" model=\"cms.cmsplugin\"><field to=\"cms.placeholder\" name=\"placeholder\" rel=\"ManyToOneRel\">22</field><field to=\"cms.cmsplugin\" name=\"parent\" rel=\"ManyToOneRel\"><None></None></field><field type=\"PositiveSmallIntegerField\" name=\"position\">0</field><field type=\"CharField\" name=\"language\">en</field><field type=\"CharField\" name=\"plugin_type\">ContactPlugin</field><field type=\"DateTimeField\" name=\"creation_date\">2010-06-20 22:11:40</field><field type=\"PositiveIntegerField\" name=\"level\">0</field><field type=\"PositiveIntegerField\" name=\"lft\">1</field><field type=\"PositiveIntegerField\" name=\"rght\">2</field><field type=\"PositiveIntegerField\" name=\"tree_id\">10</field></object></django-objects>", "revision": 33}}, {"pk": 63, "model": "reversion.version", "fields": {"format": "xml", "object_repr": "Contact US", "object_id": "7", "content_type": 10, "serialized_data": "<?xml version=\"1.0\" encoding=\"utf-8\"?>\n<django-objects version=\"1.0\"><object pk=\"7\" model=\"cms.page\"><field type=\"CharField\" name=\"created_by\">matthew</field><field type=\"CharField\" name=\"changed_by\">matthew</field><field to=\"cms.page\" name=\"parent\" rel=\"ManyToOneRel\"><None></None></field><field type=\"DateTimeField\" name=\"creation_date\">2010-06-20 22:11:18</field><field type=\"DateTimeField\" name=\"publication_date\"><None></None></field><field type=\"DateTimeField\" name=\"publication_end_date\"><None></None></field><field type=\"BooleanField\" name=\"in_navigation\">False</field><field type=\"BooleanField\" name=\"soft_root\">False</field><field type=\"CharField\" name=\"reverse_id\"><None></None></field><field type=\"CharField\" name=\"navigation_extenders\"></field><field type=\"BooleanField\" name=\"published\">False</field><field type=\"CharField\" name=\"template\">page.html</field><field to=\"sites.site\" name=\"site\" rel=\"ManyToOneRel\">1</field><field type=\"SmallIntegerField\" name=\"moderator_state\">0</field><field type=\"PositiveIntegerField\" name=\"level\">0</field><field type=\"PositiveIntegerField\" name=\"lft\">1</field><field type=\"PositiveIntegerField\" name=\"rght\">2</field><field type=\"PositiveIntegerField\" name=\"tree_id\">4</field><field type=\"BooleanField\" name=\"login_required\">False</field><field type=\"BooleanField\" name=\"menu_login_required\">False</field><field to=\"cms.placeholder\" name=\"placeholders\" rel=\"ManyToManyRel\"><object pk=\"22\"></object></field></object></django-objects>", "revision": 33}}, {"pk": 64, "model": "reversion.version", "fields": {"format": "xml", "object_repr": "11", "object_id": "11", "content_type": 17, "serialized_data": "<?xml version=\"1.0\" encoding=\"utf-8\"?>\n<django-objects version=\"1.0\"><object pk=\"11\" model=\"cms.cmsplugin\"><field to=\"cms.placeholder\" name=\"placeholder\" rel=\"ManyToOneRel\">22</field><field to=\"cms.cmsplugin\" name=\"parent\" rel=\"ManyToOneRel\"><None></None></field><field type=\"PositiveSmallIntegerField\" name=\"position\">0</field><field type=\"CharField\" name=\"language\">en</field><field type=\"CharField\" name=\"plugin_type\">ContactPlugin</field><field type=\"DateTimeField\" name=\"creation_date\">2010-06-20 22:11:40</field><field type=\"PositiveIntegerField\" name=\"level\">0</field><field type=\"PositiveIntegerField\" name=\"lft\">1</field><field type=\"PositiveIntegerField\" name=\"rght\">2</field><field type=\"PositiveIntegerField\" name=\"tree_id\">10</field></object></django-objects>", "revision": 34}}, {"pk": 65, "model": "reversion.version", "fields": {"format": "json", "object_repr": "Contact US (contact-us)", "object_id": "7", "content_type": 18, "serialized_data": "[{\"pk\": 7, \"model\": \"cms.title\", \"fields\": {\"publisher_public\": null, \"menu_title\": null, \"meta_keywords\": null, \"page_title\": null, \"language\": \"en\", \"title\": \"Contact US\", \"has_url_overwrite\": false, \"application_urls\": null, \"creation_date\": \"2010-06-20 22:11:18\", \"publisher_is_draft\": true, \"publisher_state\": 1, \"path\": \"contact-us\", \"meta_description\": null, \"slug\": \"contact-us\", \"redirect\": null, \"page\": 7}}]", "revision": 34}}, {"pk": 66, "model": "reversion.version", "fields": {"format": "xml", "object_repr": "matthew.irish@gmail.com", "object_id": "11", "content_type": 55, "serialized_data": "<?xml version=\"1.0\" encoding=\"utf-8\"?>\n<django-objects version=\"1.0\"><object pk=\"11\" model=\"contact.contact\"><field type=\"CharField\" name=\"site_email\">matthew.irish@gmail.com</field><field type=\"CharField\" name=\"email_label\">Your Email</field><field type=\"CharField\" name=\"subject_label\">Subject</field><field type=\"CharField\" name=\"content_label\">Message</field><field type=\"CharField\" name=\"thanks\">Thanks! someone will be in contact shortly.</field><field type=\"CharField\" name=\"submit\">Send</field></object></django-objects>", "revision": 34}}, {"pk": 67, "model": "reversion.version", "fields": {"format": "xml", "object_repr": "Contact US", "object_id": "7", "content_type": 10, "serialized_data": "<?xml version=\"1.0\" encoding=\"utf-8\"?>\n<django-objects version=\"1.0\"><object pk=\"7\" model=\"cms.page\"><field type=\"CharField\" name=\"created_by\">matthew</field><field type=\"CharField\" name=\"changed_by\">matthew</field><field to=\"cms.page\" name=\"parent\" rel=\"ManyToOneRel\"><None></None></field><field type=\"DateTimeField\" name=\"creation_date\">2010-06-20 22:11:18</field><field type=\"DateTimeField\" name=\"publication_date\"><None></None></field><field type=\"DateTimeField\" name=\"publication_end_date\"><None></None></field><field type=\"BooleanField\" name=\"in_navigation\">False</field><field type=\"BooleanField\" name=\"soft_root\">False</field><field type=\"CharField\" name=\"reverse_id\"><None></None></field><field type=\"CharField\" name=\"navigation_extenders\"></field><field type=\"BooleanField\" name=\"published\">False</field><field type=\"CharField\" name=\"template\">page.html</field><field to=\"sites.site\" name=\"site\" rel=\"ManyToOneRel\">1</field><field type=\"SmallIntegerField\" name=\"moderator_state\">0</field><field type=\"PositiveIntegerField\" name=\"level\">0</field><field type=\"PositiveIntegerField\" name=\"lft\">1</field><field type=\"PositiveIntegerField\" name=\"rght\">2</field><field type=\"PositiveIntegerField\" name=\"tree_id\">4</field><field type=\"BooleanField\" name=\"login_required\">False</field><field type=\"BooleanField\" name=\"menu_login_required\">False</field><field to=\"cms.placeholder\" name=\"placeholders\" rel=\"ManyToManyRel\"><object pk=\"22\"></object></field></object></django-objects>", "revision": 34}}, {"pk": 68, "model": "reversion.version", "fields": {"format": "xml", "object_repr": "Contact US", "object_id": "7", "content_type": 10, "serialized_data": "<?xml version=\"1.0\" encoding=\"utf-8\"?>\n<django-objects version=\"1.0\"><object pk=\"7\" model=\"cms.page\"><field type=\"CharField\" name=\"created_by\">matthew</field><field type=\"CharField\" name=\"changed_by\">matthew</field><field to=\"cms.page\" name=\"parent\" rel=\"ManyToOneRel\"><None></None></field><field type=\"DateTimeField\" name=\"creation_date\">2010-06-20 22:11:18</field><field type=\"DateTimeField\" name=\"publication_date\">2010-06-20 22:11:27</field><field type=\"DateTimeField\" name=\"publication_end_date\"><None></None></field><field type=\"BooleanField\" name=\"in_navigation\">True</field><field type=\"BooleanField\" name=\"soft_root\">False</field><field type=\"CharField\" name=\"reverse_id\"><None></None></field><field type=\"CharField\" name=\"navigation_extenders\"></field><field type=\"BooleanField\" name=\"published\">True</field><field type=\"CharField\" name=\"template\">page.html</field><field to=\"sites.site\" name=\"site\" rel=\"ManyToOneRel\">1</field><field type=\"SmallIntegerField\" name=\"moderator_state\">0</field><field type=\"PositiveIntegerField\" name=\"level\">0</field><field type=\"PositiveIntegerField\" name=\"lft\">1</field><field type=\"PositiveIntegerField\" name=\"rght\">2</field><field type=\"PositiveIntegerField\" name=\"tree_id\">4</field><field type=\"BooleanField\" name=\"login_required\">False</field><field type=\"BooleanField\" name=\"menu_login_required\">False</field><field to=\"cms.placeholder\" name=\"placeholders\" rel=\"ManyToManyRel\"><object pk=\"22\"></object></field></object></django-objects>", "revision": 35}}, {"pk": 69, "model": "reversion.version", "fields": {"format": "json", "object_repr": "Contact US (contact-us)", "object_id": "7", "content_type": 18, "serialized_data": "[{\"pk\": 7, \"model\": \"cms.title\", \"fields\": {\"publisher_public\": null, \"menu_title\": \"\", \"meta_keywords\": \"\", \"page_title\": \"\", \"language\": \"en\", \"title\": \"Contact US\", \"has_url_overwrite\": false, \"application_urls\": \"\", \"creation_date\": \"2010-06-20 22:11:18\", \"publisher_is_draft\": true, \"publisher_state\": 1, \"path\": \"contact-us\", \"meta_description\": \"\", \"slug\": \"contact-us\", \"redirect\": \"\", \"page\": 7}}]", "revision": 35}}, {"pk": 70, "model": "reversion.version", "fields": {"format": "xml", "object_repr": "Contact US", "object_id": "7", "content_type": 10, "serialized_data": "<?xml version=\"1.0\" encoding=\"utf-8\"?>\n<django-objects version=\"1.0\"><object pk=\"7\" model=\"cms.page\"><field type=\"CharField\" name=\"created_by\">matthew</field><field type=\"CharField\" name=\"changed_by\">matthew</field><field to=\"cms.page\" name=\"parent\" rel=\"ManyToOneRel\">1</field><field type=\"DateTimeField\" name=\"creation_date\">2010-06-20 22:11:18</field><field type=\"DateTimeField\" name=\"publication_date\">2010-06-20 22:11:27</field><field type=\"DateTimeField\" name=\"publication_end_date\"><None></None></field><field type=\"BooleanField\" name=\"in_navigation\">True</field><field type=\"BooleanField\" name=\"soft_root\">False</field><field type=\"CharField\" name=\"reverse_id\"><None></None></field><field type=\"CharField\" name=\"navigation_extenders\"></field><field type=\"BooleanField\" name=\"published\">True</field><field type=\"CharField\" name=\"template\">page.html</field><field to=\"sites.site\" name=\"site\" rel=\"ManyToOneRel\">1</field><field type=\"SmallIntegerField\" name=\"moderator_state\">0</field><field type=\"PositiveIntegerField\" name=\"level\">1</field><field type=\"PositiveIntegerField\" name=\"lft\">8</field><field type=\"PositiveIntegerField\" name=\"rght\">9</field><field type=\"PositiveIntegerField\" name=\"tree_id\">1</field><field type=\"BooleanField\" name=\"login_required\">False</field><field type=\"BooleanField\" name=\"menu_login_required\">False</field><field to=\"cms.placeholder\" name=\"placeholders\" rel=\"ManyToManyRel\"><object pk=\"22\"></object></field></object></django-objects>", "revision": 36}}, {"pk": 71, "model": "reversion.version", "fields": {"format": "json", "object_repr": "Contact Us (contact-us)", "object_id": "7", "content_type": 18, "serialized_data": "[{\"pk\": 7, \"model\": \"cms.title\", \"fields\": {\"publisher_public\": null, \"menu_title\": \"\", \"meta_keywords\": \"\", \"page_title\": \"\", \"language\": \"en\", \"title\": \"Contact Us\", \"has_url_overwrite\": false, \"application_urls\": \"\", \"creation_date\": \"2010-06-20 22:11:18\", \"publisher_is_draft\": true, \"publisher_state\": 1, \"path\": \"home/contact-us\", \"meta_description\": \"\", \"slug\": \"contact-us\", \"redirect\": \"\", \"page\": 7}}]", "revision": 36}}, {"pk": 72, "model": "reversion.version", "fields": {"format": "xml", "object_repr": "FAQs", "object_id": "8", "content_type": 10, "serialized_data": "<?xml version=\"1.0\" encoding=\"utf-8\"?>\n<django-objects version=\"1.0\"><object pk=\"8\" model=\"cms.page\"><field type=\"CharField\" name=\"created_by\">matthew</field><field type=\"CharField\" name=\"changed_by\">matthew</field><field to=\"cms.page\" name=\"parent\" rel=\"ManyToOneRel\"><None></None></field><field type=\"DateTimeField\" name=\"creation_date\">2010-06-22 21:34:07</field><field type=\"DateTimeField\" name=\"publication_date\"><None></None></field><field type=\"DateTimeField\" name=\"publication_end_date\"><None></None></field><field type=\"BooleanField\" name=\"in_navigation\">False</field><field type=\"BooleanField\" name=\"soft_root\">False</field><field type=\"CharField\" name=\"reverse_id\"><None></None></field><field type=\"CharField\" name=\"navigation_extenders\"></field><field type=\"BooleanField\" name=\"published\">False</field><field type=\"CharField\" name=\"template\">page.html</field><field to=\"sites.site\" name=\"site\" rel=\"ManyToOneRel\">1</field><field type=\"SmallIntegerField\" name=\"moderator_state\">0</field><field type=\"PositiveIntegerField\" name=\"level\">0</field><field type=\"PositiveIntegerField\" name=\"lft\">1</field><field type=\"PositiveIntegerField\" name=\"rght\">2</field><field type=\"PositiveIntegerField\" name=\"tree_id\">4</field><field type=\"BooleanField\" name=\"login_required\">False</field><field type=\"BooleanField\" name=\"menu_login_required\">False</field><field to=\"cms.placeholder\" name=\"placeholders\" rel=\"ManyToManyRel\"><object pk=\"23\"></object></field></object></django-objects>", "revision": 37}}, {"pk": 73, "model": "reversion.version", "fields": {"format": "json", "object_repr": "FAQs (faqs)", "object_id": "8", "content_type": 18, "serialized_data": "[{\"pk\": 8, \"model\": \"cms.title\", \"fields\": {\"publisher_public\": null, \"menu_title\": null, \"meta_keywords\": null, \"page_title\": null, \"language\": \"en\", \"title\": \"FAQs\", \"has_url_overwrite\": false, \"application_urls\": null, \"creation_date\": \"2010-06-22 21:34:07\", \"publisher_is_draft\": 1, \"publisher_state\": 1, \"path\": \"faqs\", \"meta_description\": null, \"slug\": \"faqs\", \"redirect\": null, \"page\": 8}}]", "revision": 37}}, {"pk": 74, "model": "reversion.version", "fields": {"format": "xml", "object_repr": "FAQs", "object_id": "8", "content_type": 10, "serialized_data": "<?xml version=\"1.0\" encoding=\"utf-8\"?>\n<django-objects version=\"1.0\"><object pk=\"8\" model=\"cms.page\"><field type=\"CharField\" name=\"created_by\">matthew</field><field type=\"CharField\" name=\"changed_by\">matthew</field><field to=\"cms.page\" name=\"parent\" rel=\"ManyToOneRel\"><None></None></field><field type=\"DateTimeField\" name=\"creation_date\">2010-06-22 21:34:07</field><field type=\"DateTimeField\" name=\"publication_date\"><None></None></field><field type=\"DateTimeField\" name=\"publication_end_date\"><None></None></field><field type=\"BooleanField\" name=\"in_navigation\">False</field><field type=\"BooleanField\" name=\"soft_root\">False</field><field type=\"CharField\" name=\"reverse_id\"><None></None></field><field type=\"CharField\" name=\"navigation_extenders\"></field><field type=\"BooleanField\" name=\"published\">False</field><field type=\"CharField\" name=\"template\">page.html</field><field to=\"sites.site\" name=\"site\" rel=\"ManyToOneRel\">1</field><field type=\"SmallIntegerField\" name=\"moderator_state\">0</field><field type=\"PositiveIntegerField\" name=\"level\">0</field><field type=\"PositiveIntegerField\" name=\"lft\">1</field><field type=\"PositiveIntegerField\" name=\"rght\">2</field><field type=\"PositiveIntegerField\" name=\"tree_id\">4</field><field type=\"BooleanField\" name=\"login_required\">False</field><field type=\"BooleanField\" name=\"menu_login_required\">False</field><field to=\"cms.placeholder\" name=\"placeholders\" rel=\"ManyToManyRel\"><object pk=\"23\"></object></field></object></django-objects>", "revision": 38}}, {"pk": 75, "model": "reversion.version", "fields": {"format": "json", "object_repr": "FAQs (faqs)", "object_id": "8", "content_type": 18, "serialized_data": "[{\"pk\": 8, \"model\": \"cms.title\", \"fields\": {\"publisher_public\": null, \"menu_title\": null, \"meta_keywords\": null, \"page_title\": null, \"language\": \"en\", \"title\": \"FAQs\", \"has_url_overwrite\": false, \"application_urls\": null, \"creation_date\": \"2010-06-22 21:34:07\", \"publisher_is_draft\": true, \"publisher_state\": 1, \"path\": \"faqs\", \"meta_description\": null, \"slug\": \"faqs\", \"redirect\": null, \"page\": 8}}]", "revision": 38}}, {"pk": 76, "model": "reversion.version", "fields": {"format": "xml", "object_repr": "12", "object_id": "12", "content_type": 17, "serialized_data": "<?xml version=\"1.0\" encoding=\"utf-8\"?>\n<django-objects version=\"1.0\"><object pk=\"12\" model=\"cms.cmsplugin\"><field to=\"cms.placeholder\" name=\"placeholder\" rel=\"ManyToOneRel\">23</field><field to=\"cms.cmsplugin\" name=\"parent\" rel=\"ManyToOneRel\"><None></None></field><field type=\"PositiveSmallIntegerField\" name=\"position\">0</field><field type=\"CharField\" name=\"language\">en</field><field type=\"CharField\" name=\"plugin_type\">CMSFaqListPlugin</field><field type=\"DateTimeField\" name=\"creation_date\">2010-06-22 21:34:19</field><field type=\"PositiveIntegerField\" name=\"level\">0</field><field type=\"PositiveIntegerField\" name=\"lft\">1</field><field type=\"PositiveIntegerField\" name=\"rght\">2</field><field type=\"PositiveIntegerField\" name=\"tree_id\">11</field></object></django-objects>", "revision": 38}}, {"pk": 77, "model": "reversion.version", "fields": {"format": "xml", "object_repr": "FAQs", "object_id": "8", "content_type": 10, "serialized_data": "<?xml version=\"1.0\" encoding=\"utf-8\"?>\n<django-objects version=\"1.0\"><object pk=\"8\" model=\"cms.page\"><field type=\"CharField\" name=\"created_by\">matthew</field><field type=\"CharField\" name=\"changed_by\">matthew</field><field to=\"cms.page\" name=\"parent\" rel=\"ManyToOneRel\"><None></None></field><field type=\"DateTimeField\" name=\"creation_date\">2010-06-22 21:34:07</field><field type=\"DateTimeField\" name=\"publication_date\"><None></None></field><field type=\"DateTimeField\" name=\"publication_end_date\"><None></None></field><field type=\"BooleanField\" name=\"in_navigation\">False</field><field type=\"BooleanField\" name=\"soft_root\">False</field><field type=\"CharField\" name=\"reverse_id\"><None></None></field><field type=\"CharField\" name=\"navigation_extenders\"></field><field type=\"BooleanField\" name=\"published\">False</field><field type=\"CharField\" name=\"template\">page.html</field><field to=\"sites.site\" name=\"site\" rel=\"ManyToOneRel\">1</field><field type=\"SmallIntegerField\" name=\"moderator_state\">0</field><field type=\"PositiveIntegerField\" name=\"level\">0</field><field type=\"PositiveIntegerField\" name=\"lft\">1</field><field type=\"PositiveIntegerField\" name=\"rght\">2</field><field type=\"PositiveIntegerField\" name=\"tree_id\">4</field><field type=\"BooleanField\" name=\"login_required\">False</field><field type=\"BooleanField\" name=\"menu_login_required\">False</field><field to=\"cms.placeholder\" name=\"placeholders\" rel=\"ManyToManyRel\"><object pk=\"23\"></object></field></object></django-objects>", "revision": 39}}, {"pk": 78, "model": "reversion.version", "fields": {"format": "json", "object_repr": "FAQs (faqs)", "object_id": "8", "content_type": 18, "serialized_data": "[{\"pk\": 8, \"model\": \"cms.title\", \"fields\": {\"publisher_public\": null, \"menu_title\": null, \"meta_keywords\": null, \"page_title\": null, \"language\": \"en\", \"title\": \"FAQs\", \"has_url_overwrite\": false, \"application_urls\": null, \"creation_date\": \"2010-06-22 21:34:07\", \"publisher_is_draft\": true, \"publisher_state\": 1, \"path\": \"faqs\", \"meta_description\": null, \"slug\": \"faqs\", \"redirect\": null, \"page\": 8}}]", "revision": 39}}, {"pk": 79, "model": "reversion.version", "fields": {"format": "xml", "object_repr": "FAQs", "object_id": "12", "content_type": 52, "serialized_data": "<?xml version=\"1.0\" encoding=\"utf-8\"?>\n<django-objects version=\"1.0\"><object pk=\"12\" model=\"cmsplugin_faq.faqlist\"><field type=\"PositiveSmallIntegerField\" name=\"truncate_body\">5</field><field type=\"BooleanField\" name=\"show_body\">True</field><field type=\"CharField\" name=\"css\"></field></object></django-objects>", "revision": 39}}, {"pk": 80, "model": "reversion.version", "fields": {"format": "xml", "object_repr": "12", "object_id": "12", "content_type": 17, "serialized_data": "<?xml version=\"1.0\" encoding=\"utf-8\"?>\n<django-objects version=\"1.0\"><object pk=\"12\" model=\"cms.cmsplugin\"><field to=\"cms.placeholder\" name=\"placeholder\" rel=\"ManyToOneRel\">23</field><field to=\"cms.cmsplugin\" name=\"parent\" rel=\"ManyToOneRel\"><None></None></field><field type=\"PositiveSmallIntegerField\" name=\"position\">0</field><field type=\"CharField\" name=\"language\">en</field><field type=\"CharField\" name=\"plugin_type\">CMSFaqListPlugin</field><field type=\"DateTimeField\" name=\"creation_date\">2010-06-22 21:34:19</field><field type=\"PositiveIntegerField\" name=\"level\">0</field><field type=\"PositiveIntegerField\" name=\"lft\">1</field><field type=\"PositiveIntegerField\" name=\"rght\">2</field><field type=\"PositiveIntegerField\" name=\"tree_id\">11</field></object></django-objects>", "revision": 39}}, {"pk": 81, "model": "reversion.version", "fields": {"format": "xml", "object_repr": "FAQs", "object_id": "8", "content_type": 10, "serialized_data": "<?xml version=\"1.0\" encoding=\"utf-8\"?>\n<django-objects version=\"1.0\"><object pk=\"8\" model=\"cms.page\"><field type=\"CharField\" name=\"created_by\">matthew</field><field type=\"CharField\" name=\"changed_by\">matthew</field><field to=\"cms.page\" name=\"parent\" rel=\"ManyToOneRel\"><None></None></field><field type=\"DateTimeField\" name=\"creation_date\">2010-06-22 21:34:07</field><field type=\"DateTimeField\" name=\"publication_date\"><None></None></field><field type=\"DateTimeField\" name=\"publication_end_date\"><None></None></field><field type=\"BooleanField\" name=\"in_navigation\">False</field><field type=\"BooleanField\" name=\"soft_root\">False</field><field type=\"CharField\" name=\"reverse_id\"><None></None></field><field type=\"CharField\" name=\"navigation_extenders\"></field><field type=\"BooleanField\" name=\"published\">False</field><field type=\"CharField\" name=\"template\">page.html</field><field to=\"sites.site\" name=\"site\" rel=\"ManyToOneRel\">1</field><field type=\"SmallIntegerField\" name=\"moderator_state\">0</field><field type=\"PositiveIntegerField\" name=\"level\">0</field><field type=\"PositiveIntegerField\" name=\"lft\">1</field><field type=\"PositiveIntegerField\" name=\"rght\">2</field><field type=\"PositiveIntegerField\" name=\"tree_id\">4</field><field type=\"BooleanField\" name=\"login_required\">False</field><field type=\"BooleanField\" name=\"menu_login_required\">False</field><field to=\"cms.placeholder\" name=\"placeholders\" rel=\"ManyToManyRel\"><object pk=\"23\"></object></field></object></django-objects>", "revision": 40}}, {"pk": 82, "model": "reversion.version", "fields": {"format": "json", "object_repr": "FAQs (faqs)", "object_id": "8", "content_type": 18, "serialized_data": "[{\"pk\": 8, \"model\": \"cms.title\", \"fields\": {\"publisher_public\": null, \"menu_title\": null, \"meta_keywords\": null, \"page_title\": null, \"language\": \"en\", \"title\": \"FAQs\", \"has_url_overwrite\": false, \"application_urls\": null, \"creation_date\": \"2010-06-22 21:34:07\", \"publisher_is_draft\": true, \"publisher_state\": 1, \"path\": \"faqs\", \"meta_description\": null, \"slug\": \"faqs\", \"redirect\": null, \"page\": 8}}]", "revision": 40}}, {"pk": 83, "model": "reversion.version", "fields": {"format": "xml", "object_repr": "FAQs", "object_id": "12", "content_type": 52, "serialized_data": "<?xml version=\"1.0\" encoding=\"utf-8\"?>\n<django-objects version=\"1.0\"><object pk=\"12\" model=\"cmsplugin_faq.faqlist\"><field type=\"PositiveSmallIntegerField\" name=\"truncate_body\">5</field><field type=\"BooleanField\" name=\"show_body\">True</field><field type=\"CharField\" name=\"css\"></field></object></django-objects>", "revision": 40}}, {"pk": 84, "model": "reversion.version", "fields": {"format": "xml", "object_repr": "13", "object_id": "13", "content_type": 17, "serialized_data": "<?xml version=\"1.0\" encoding=\"utf-8\"?>\n<django-objects version=\"1.0\"><object pk=\"13\" model=\"cms.cmsplugin\"><field to=\"cms.placeholder\" name=\"placeholder\" rel=\"ManyToOneRel\">23</field><field to=\"cms.cmsplugin\" name=\"parent\" rel=\"ManyToOneRel\"><None></None></field><field type=\"PositiveSmallIntegerField\" name=\"position\">1</field><field type=\"CharField\" name=\"language\">en</field><field type=\"CharField\" name=\"plugin_type\">CMSFaqEntryPlugin</field><field type=\"DateTimeField\" name=\"creation_date\">2010-06-22 21:34:52</field><field type=\"PositiveIntegerField\" name=\"level\">0</field><field type=\"PositiveIntegerField\" name=\"lft\">1</field><field type=\"PositiveIntegerField\" name=\"rght\">2</field><field type=\"PositiveIntegerField\" name=\"tree_id\">12</field></object></django-objects>", "revision": 40}}, {"pk": 85, "model": "reversion.version", "fields": {"format": "xml", "object_repr": "12", "object_id": "12", "content_type": 17, "serialized_data": "<?xml version=\"1.0\" encoding=\"utf-8\"?>\n<django-objects version=\"1.0\"><object pk=\"12\" model=\"cms.cmsplugin\"><field to=\"cms.placeholder\" name=\"placeholder\" rel=\"ManyToOneRel\">23</field><field to=\"cms.cmsplugin\" name=\"parent\" rel=\"ManyToOneRel\"><None></None></field><field type=\"PositiveSmallIntegerField\" name=\"position\">0</field><field type=\"CharField\" name=\"language\">en</field><field type=\"CharField\" name=\"plugin_type\">CMSFaqListPlugin</field><field type=\"DateTimeField\" name=\"creation_date\">2010-06-22 21:34:19</field><field type=\"PositiveIntegerField\" name=\"level\">0</field><field type=\"PositiveIntegerField\" name=\"lft\">1</field><field type=\"PositiveIntegerField\" name=\"rght\">2</field><field type=\"PositiveIntegerField\" name=\"tree_id\">11</field></object></django-objects>", "revision": 40}}, {"pk": 86, "model": "reversion.version", "fields": {"format": "xml", "object_repr": "FAQs", "object_id": "8", "content_type": 10, "serialized_data": "<?xml version=\"1.0\" encoding=\"utf-8\"?>\n<django-objects version=\"1.0\"><object pk=\"8\" model=\"cms.page\"><field type=\"CharField\" name=\"created_by\">matthew</field><field type=\"CharField\" name=\"changed_by\">matthew</field><field to=\"cms.page\" name=\"parent\" rel=\"ManyToOneRel\"><None></None></field><field type=\"DateTimeField\" name=\"creation_date\">2010-06-22 21:34:07</field><field type=\"DateTimeField\" name=\"publication_date\"><None></None></field><field type=\"DateTimeField\" name=\"publication_end_date\"><None></None></field><field type=\"BooleanField\" name=\"in_navigation\">False</field><field type=\"BooleanField\" name=\"soft_root\">False</field><field type=\"CharField\" name=\"reverse_id\"><None></None></field><field type=\"CharField\" name=\"navigation_extenders\"></field><field type=\"BooleanField\" name=\"published\">False</field><field type=\"CharField\" name=\"template\">page.html</field><field to=\"sites.site\" name=\"site\" rel=\"ManyToOneRel\">1</field><field type=\"SmallIntegerField\" name=\"moderator_state\">0</field><field type=\"PositiveIntegerField\" name=\"level\">0</field><field type=\"PositiveIntegerField\" name=\"lft\">1</field><field type=\"PositiveIntegerField\" name=\"rght\">2</field><field type=\"PositiveIntegerField\" name=\"tree_id\">4</field><field type=\"BooleanField\" name=\"login_required\">False</field><field type=\"BooleanField\" name=\"menu_login_required\">False</field><field to=\"cms.placeholder\" name=\"placeholders\" rel=\"ManyToManyRel\"><object pk=\"23\"></object></field></object></django-objects>", "revision": 41}}, {"pk": 87, "model": "reversion.version", "fields": {"format": "json", "object_repr": "FAQs (faqs)", "object_id": "8", "content_type": 18, "serialized_data": "[{\"pk\": 8, \"model\": \"cms.title\", \"fields\": {\"publisher_public\": null, \"menu_title\": null, \"meta_keywords\": null, \"page_title\": null, \"language\": \"en\", \"title\": \"FAQs\", \"has_url_overwrite\": false, \"application_urls\": null, \"creation_date\": \"2010-06-22 21:34:07\", \"publisher_is_draft\": true, \"publisher_state\": 1, \"path\": \"faqs\", \"meta_description\": null, \"slug\": \"faqs\", \"redirect\": null, \"page\": 8}}]", "revision": 41}}, {"pk": 88, "model": "reversion.version", "fields": {"format": "xml", "object_repr": "FAQs", "object_id": "12", "content_type": 52, "serialized_data": "<?xml version=\"1.0\" encoding=\"utf-8\"?>\n<django-objects version=\"1.0\"><object pk=\"12\" model=\"cmsplugin_faq.faqlist\"><field type=\"PositiveSmallIntegerField\" name=\"truncate_body\">5</field><field type=\"BooleanField\" name=\"show_body\">True</field><field type=\"CharField\" name=\"css\"></field></object></django-objects>", "revision": 41}}, {"pk": 89, "model": "reversion.version", "fields": {"format": "xml", "object_repr": "12", "object_id": "12", "content_type": 17, "serialized_data": "<?xml version=\"1.0\" encoding=\"utf-8\"?>\n<django-objects version=\"1.0\"><object pk=\"12\" model=\"cms.cmsplugin\"><field to=\"cms.placeholder\" name=\"placeholder\" rel=\"ManyToOneRel\">23</field><field to=\"cms.cmsplugin\" name=\"parent\" rel=\"ManyToOneRel\"><None></None></field><field type=\"PositiveSmallIntegerField\" name=\"position\">0</field><field type=\"CharField\" name=\"language\">en</field><field type=\"CharField\" name=\"plugin_type\">CMSFaqListPlugin</field><field type=\"DateTimeField\" name=\"creation_date\">2010-06-22 21:34:19</field><field type=\"PositiveIntegerField\" name=\"level\">0</field><field type=\"PositiveIntegerField\" name=\"lft\">1</field><field type=\"PositiveIntegerField\" name=\"rght\">2</field><field type=\"PositiveIntegerField\" name=\"tree_id\">11</field></object></django-objects>", "revision": 41}}, {"pk": 90, "model": "reversion.version", "fields": {"format": "xml", "object_repr": "FAQs", "object_id": "8", "content_type": 10, "serialized_data": "<?xml version=\"1.0\" encoding=\"utf-8\"?>\n<django-objects version=\"1.0\"><object pk=\"8\" model=\"cms.page\"><field type=\"CharField\" name=\"created_by\">matthew</field><field type=\"CharField\" name=\"changed_by\">matthew</field><field to=\"cms.page\" name=\"parent\" rel=\"ManyToOneRel\"><None></None></field><field type=\"DateTimeField\" name=\"creation_date\">2010-06-22 21:34:07</field><field type=\"DateTimeField\" name=\"publication_date\"><None></None></field><field type=\"DateTimeField\" name=\"publication_end_date\"><None></None></field><field type=\"BooleanField\" name=\"in_navigation\">False</field><field type=\"BooleanField\" name=\"soft_root\">False</field><field type=\"CharField\" name=\"reverse_id\"><None></None></field><field type=\"CharField\" name=\"navigation_extenders\"></field><field type=\"BooleanField\" name=\"published\">False</field><field type=\"CharField\" name=\"template\">page.html</field><field to=\"sites.site\" name=\"site\" rel=\"ManyToOneRel\">1</field><field type=\"SmallIntegerField\" name=\"moderator_state\">0</field><field type=\"PositiveIntegerField\" name=\"level\">0</field><field type=\"PositiveIntegerField\" name=\"lft\">1</field><field type=\"PositiveIntegerField\" name=\"rght\">2</field><field type=\"PositiveIntegerField\" name=\"tree_id\">4</field><field type=\"BooleanField\" name=\"login_required\">False</field><field type=\"BooleanField\" name=\"menu_login_required\">False</field><field to=\"cms.placeholder\" name=\"placeholders\" rel=\"ManyToManyRel\"><object pk=\"23\"></object></field></object></django-objects>", "revision": 42}}, {"pk": 91, "model": "reversion.version", "fields": {"format": "json", "object_repr": "FAQs (faqs)", "object_id": "8", "content_type": 18, "serialized_data": "[{\"pk\": 8, \"model\": \"cms.title\", \"fields\": {\"publisher_public\": null, \"menu_title\": null, \"meta_keywords\": null, \"page_title\": null, \"language\": \"en\", \"title\": \"FAQs\", \"has_url_overwrite\": false, \"application_urls\": null, \"creation_date\": \"2010-06-22 21:34:07\", \"publisher_is_draft\": true, \"publisher_state\": 1, \"path\": \"faqs\", \"meta_description\": null, \"slug\": \"faqs\", \"redirect\": null, \"page\": 8}}]", "revision": 42}}, {"pk": 92, "model": "reversion.version", "fields": {"format": "xml", "object_repr": "FAQs", "object_id": "8", "content_type": 10, "serialized_data": "<?xml version=\"1.0\" encoding=\"utf-8\"?>\n<django-objects version=\"1.0\"><object pk=\"8\" model=\"cms.page\"><field type=\"CharField\" name=\"created_by\">matthew</field><field type=\"CharField\" name=\"changed_by\">matthew</field><field to=\"cms.page\" name=\"parent\" rel=\"ManyToOneRel\"><None></None></field><field type=\"DateTimeField\" name=\"creation_date\">2010-06-22 21:34:07</field><field type=\"DateTimeField\" name=\"publication_date\"><None></None></field><field type=\"DateTimeField\" name=\"publication_end_date\"><None></None></field><field type=\"BooleanField\" name=\"in_navigation\">False</field><field type=\"BooleanField\" name=\"soft_root\">False</field><field type=\"CharField\" name=\"reverse_id\"><None></None></field><field type=\"CharField\" name=\"navigation_extenders\"></field><field type=\"BooleanField\" name=\"published\">False</field><field type=\"CharField\" name=\"template\">page.html</field><field to=\"sites.site\" name=\"site\" rel=\"ManyToOneRel\">1</field><field type=\"SmallIntegerField\" name=\"moderator_state\">0</field><field type=\"PositiveIntegerField\" name=\"level\">0</field><field type=\"PositiveIntegerField\" name=\"lft\">1</field><field type=\"PositiveIntegerField\" name=\"rght\">2</field><field type=\"PositiveIntegerField\" name=\"tree_id\">4</field><field type=\"BooleanField\" name=\"login_required\">False</field><field type=\"BooleanField\" name=\"menu_login_required\">False</field><field to=\"cms.placeholder\" name=\"placeholders\" rel=\"ManyToManyRel\"><object pk=\"23\"></object></field></object></django-objects>", "revision": 43}}, {"pk": 93, "model": "reversion.version", "fields": {"format": "json", "object_repr": "FAQs (faqs)", "object_id": "8", "content_type": 18, "serialized_data": "[{\"pk\": 8, \"model\": \"cms.title\", \"fields\": {\"publisher_public\": null, \"menu_title\": null, \"meta_keywords\": null, \"page_title\": null, \"language\": \"en\", \"title\": \"FAQs\", \"has_url_overwrite\": false, \"application_urls\": null, \"creation_date\": \"2010-06-22 21:34:07\", \"publisher_is_draft\": true, \"publisher_state\": 1, \"path\": \"faqs\", \"meta_description\": null, \"slug\": \"faqs\", \"redirect\": null, \"page\": 8}}]", "revision": 43}}, {"pk": 94, "model": "reversion.version", "fields": {"format": "xml", "object_repr": "12", "object_id": "12", "content_type": 17, "serialized_data": "<?xml version=\"1.0\" encoding=\"utf-8\"?>\n<django-objects version=\"1.0\"><object pk=\"12\" model=\"cms.cmsplugin\"><field to=\"cms.placeholder\" name=\"placeholder\" rel=\"ManyToOneRel\">23</field><field to=\"cms.cmsplugin\" name=\"parent\" rel=\"ManyToOneRel\"><None></None></field><field type=\"PositiveSmallIntegerField\" name=\"position\">0</field><field type=\"CharField\" name=\"language\">en</field><field type=\"CharField\" name=\"plugin_type\">CMSFaqEntryPlugin</field><field type=\"DateTimeField\" name=\"creation_date\">2010-06-22 21:35:11</field><field type=\"PositiveIntegerField\" name=\"level\">0</field><field type=\"PositiveIntegerField\" name=\"lft\">1</field><field type=\"PositiveIntegerField\" name=\"rght\">2</field><field type=\"PositiveIntegerField\" name=\"tree_id\">11</field></object></django-objects>", "revision": 43}}, {"pk": 95, "model": "reversion.version", "fields": {"format": "xml", "object_repr": "Home", "object_id": "1", "content_type": 10, "serialized_data": "<?xml version=\"1.0\" encoding=\"utf-8\"?>\n<django-objects version=\"1.0\"><object pk=\"1\" model=\"cms.page\"><field type=\"CharField\" name=\"created_by\">matthew</field><field type=\"CharField\" name=\"changed_by\">matthew</field><field to=\"cms.page\" name=\"parent\" rel=\"ManyToOneRel\"><None></None></field><field type=\"DateTimeField\" name=\"creation_date\">2010-06-01 23:47:20</field><field type=\"DateTimeField\" name=\"publication_date\">2010-06-01 23:47:33</field><field type=\"DateTimeField\" name=\"publication_end_date\"><None></None></field><field type=\"BooleanField\" name=\"in_navigation\">False</field><field type=\"BooleanField\" name=\"soft_root\">False</field><field type=\"CharField\" name=\"reverse_id\"><None></None></field><field type=\"CharField\" name=\"navigation_extenders\"></field><field type=\"BooleanField\" name=\"published\">True</field><field type=\"CharField\" name=\"template\">base.html</field><field to=\"sites.site\" name=\"site\" rel=\"ManyToOneRel\">1</field><field type=\"SmallIntegerField\" name=\"moderator_state\">0</field><field type=\"PositiveIntegerField\" name=\"level\">0</field><field type=\"PositiveIntegerField\" name=\"lft\">1</field><field type=\"PositiveIntegerField\" name=\"rght\">10</field><field type=\"PositiveIntegerField\" name=\"tree_id\">1</field><field type=\"BooleanField\" name=\"login_required\">False</field><field type=\"BooleanField\" name=\"menu_login_required\">False</field><field to=\"cms.placeholder\" name=\"placeholders\" rel=\"ManyToManyRel\"><object pk=\"1\"></object><object pk=\"2\"></object><object pk=\"5\"></object><object pk=\"6\"></object><object pk=\"7\"></object><object pk=\"8\"></object><object pk=\"9\"></object><object pk=\"11\"></object><object pk=\"12\"></object></field></object></django-objects>", "revision": 44}}, {"pk": 96, "model": "reversion.version", "fields": {"format": "xml", "object_repr": "7", "object_id": "7", "content_type": 17, "serialized_data": "<?xml version=\"1.0\" encoding=\"utf-8\"?>\n<django-objects version=\"1.0\"><object pk=\"7\" model=\"cms.cmsplugin\"><field to=\"cms.placeholder\" name=\"placeholder\" rel=\"ManyToOneRel\">11</field><field to=\"cms.cmsplugin\" name=\"parent\" rel=\"ManyToOneRel\"><None></None></field><field type=\"PositiveSmallIntegerField\" name=\"position\">0</field><field type=\"CharField\" name=\"language\">en</field><field type=\"CharField\" name=\"plugin_type\">TextPlugin</field><field type=\"DateTimeField\" name=\"creation_date\">2010-06-08 01:39:31</field><field type=\"PositiveIntegerField\" name=\"level\">0</field><field type=\"PositiveIntegerField\" name=\"lft\">1</field><field type=\"PositiveIntegerField\" name=\"rght\">4</field><field type=\"PositiveIntegerField\" name=\"tree_id\">7</field></object></django-objects>", "revision": 44}}, {"pk": 97, "model": "reversion.version", "fields": {"format": "json", "object_repr": "Home (home)", "object_id": "1", "content_type": 18, "serialized_data": "[{\"pk\": 1, \"model\": \"cms.title\", \"fields\": {\"publisher_public\": 2, \"menu_title\": \"\", \"meta_keywords\": \"\", \"page_title\": \"\", \"language\": \"en\", \"title\": \"Home\", \"has_url_overwrite\": false, \"application_urls\": \"\", \"creation_date\": \"2010-06-01 23:47:20\", \"publisher_is_draft\": true, \"publisher_state\": 1, \"path\": \"home\", \"meta_description\": \"\", \"slug\": \"home\", \"redirect\": \"\", \"page\": 1}}]", "revision": 44}}, {"pk": 98, "model": "reversion.version", "fields": {"format": "xml", "object_repr": "Work Hard. Play ......", "object_id": "7", "content_type": 19, "serialized_data": "<?xml version=\"1.0\" encoding=\"utf-8\"?>\n<django-objects version=\"1.0\"><object pk=\"7\" model=\"text.text\"><field to=\"cms.cmsplugin\" name=\"cmsplugin_ptr\" rel=\"OneToOneRel\">7</field><field type=\"TextField\" name=\"body\">&lt;h1&gt;Work Hard. Play Nice. Today.&lt;/h1&gt;&lt;p&gt;Hello and welcome to KIPP Endeavor Academy (KEA) - a free public charter school. KIPP Endeavor Academy currently serves approximately 200 students from around Kansas City's urban core.&lt;/p&gt;&lt;a href=\"#\"&gt;Read more about KEA&lt;/a&gt;</field></object></django-objects>", "revision": 44}}, {"pk": 99, "model": "reversion.version", "fields": {"format": "xml", "object_repr": "3", "object_id": "3", "content_type": 17, "serialized_data": "<?xml version=\"1.0\" encoding=\"utf-8\"?>\n<django-objects version=\"1.0\"><object pk=\"3\" model=\"cms.cmsplugin\"><field to=\"cms.placeholder\" name=\"placeholder\" rel=\"ManyToOneRel\">6</field><field to=\"cms.cmsplugin\" name=\"parent\" rel=\"ManyToOneRel\"><None></None></field><field type=\"PositiveSmallIntegerField\" name=\"position\">0</field><field type=\"CharField\" name=\"language\">en</field><field type=\"CharField\" name=\"plugin_type\">TextPlugin</field><field type=\"DateTimeField\" name=\"creation_date\">2010-06-06 18:39:14</field><field type=\"PositiveIntegerField\" name=\"level\">0</field><field type=\"PositiveIntegerField\" name=\"lft\">1</field><field type=\"PositiveIntegerField\" name=\"rght\">2</field><field type=\"PositiveIntegerField\" name=\"tree_id\">3</field></object></django-objects>", "revision": 45}}, {"pk": 100, "model": "reversion.version", "fields": {"format": "xml", "object_repr": "Home", "object_id": "1", "content_type": 10, "serialized_data": "<?xml version=\"1.0\" encoding=\"utf-8\"?>\n<django-objects version=\"1.0\"><object pk=\"1\" model=\"cms.page\"><field type=\"CharField\" name=\"created_by\">matthew</field><field type=\"CharField\" name=\"changed_by\">matthew</field><field to=\"cms.page\" name=\"parent\" rel=\"ManyToOneRel\"><None></None></field><field type=\"DateTimeField\" name=\"creation_date\">2010-06-01 23:47:20</field><field type=\"DateTimeField\" name=\"publication_date\">2010-06-01 23:47:33</field><field type=\"DateTimeField\" name=\"publication_end_date\"><None></None></field><field type=\"BooleanField\" name=\"in_navigation\">False</field><field type=\"BooleanField\" name=\"soft_root\">False</field><field type=\"CharField\" name=\"reverse_id\"><None></None></field><field type=\"CharField\" name=\"navigation_extenders\"></field><field type=\"BooleanField\" name=\"published\">True</field><field type=\"CharField\" name=\"template\">base.html</field><field to=\"sites.site\" name=\"site\" rel=\"ManyToOneRel\">1</field><field type=\"SmallIntegerField\" name=\"moderator_state\">0</field><field type=\"PositiveIntegerField\" name=\"level\">0</field><field type=\"PositiveIntegerField\" name=\"lft\">1</field><field type=\"PositiveIntegerField\" name=\"rght\">10</field><field type=\"PositiveIntegerField\" name=\"tree_id\">1</field><field type=\"BooleanField\" name=\"login_required\">False</field><field type=\"BooleanField\" name=\"menu_login_required\">False</field><field to=\"cms.placeholder\" name=\"placeholders\" rel=\"ManyToManyRel\"><object pk=\"1\"></object><object pk=\"2\"></object><object pk=\"5\"></object><object pk=\"6\"></object><object pk=\"7\"></object><object pk=\"8\"></object><object pk=\"9\"></object><object pk=\"11\"></object><object pk=\"12\"></object></field></object></django-objects>", "revision": 45}}, {"pk": 101, "model": "reversion.version", "fields": {"format": "xml", "object_repr": "Mission &amp; VisionKIPP ......", "object_id": "3", "content_type": 19, "serialized_data": "<?xml version=\"1.0\" encoding=\"utf-8\"?>\n<django-objects version=\"1.0\"><object pk=\"3\" model=\"text.text\"><field to=\"cms.cmsplugin\" name=\"cmsplugin_ptr\" rel=\"OneToOneRel\">3</field><field type=\"TextField\" name=\"body\">&lt;h2&gt;Mission &amp;amp; Vision&lt;/h2&gt;&lt;p&gt;KIPP Endeavor Academy will build and preserve within each student the strong knowledge, skills, and character traits necessary to succesfully obtain a college degree.&amp;#160;&lt;/p&gt;&lt;p&gt;With integrity and compassion, students will have a vested interest in applying learned sills to surpass their own self-concern and better the world \u0003around them.&lt;/p&gt;</field></object></django-objects>", "revision": 45}}, {"pk": 102, "model": "reversion.version", "fields": {"format": "xml", "object_repr": "5", "object_id": "5", "content_type": 17, "serialized_data": "<?xml version=\"1.0\" encoding=\"utf-8\"?>\n<django-objects version=\"1.0\"><object pk=\"5\" model=\"cms.cmsplugin\"><field to=\"cms.placeholder\" name=\"placeholder\" rel=\"ManyToOneRel\">6</field><field to=\"cms.cmsplugin\" name=\"parent\" rel=\"ManyToOneRel\"><None></None></field><field type=\"PositiveSmallIntegerField\" name=\"position\">1</field><field type=\"CharField\" name=\"language\">en</field><field type=\"CharField\" name=\"plugin_type\">SnippetPlugin</field><field type=\"DateTimeField\" name=\"creation_date\">2010-06-08 00:01:06</field><field type=\"PositiveIntegerField\" name=\"level\">0</field><field type=\"PositiveIntegerField\" name=\"lft\">1</field><field type=\"PositiveIntegerField\" name=\"rght\">2</field><field type=\"PositiveIntegerField\" name=\"tree_id\">5</field></object></django-objects>", "revision": 45}}, {"pk": 103, "model": "reversion.version", "fields": {"format": "json", "object_repr": "Home (home)", "object_id": "1", "content_type": 18, "serialized_data": "[{\"pk\": 1, \"model\": \"cms.title\", \"fields\": {\"publisher_public\": 2, \"menu_title\": \"\", \"meta_keywords\": \"\", \"page_title\": \"\", \"language\": \"en\", \"title\": \"Home\", \"has_url_overwrite\": false, \"application_urls\": \"\", \"creation_date\": \"2010-06-01 23:47:20\", \"publisher_is_draft\": true, \"publisher_state\": 1, \"path\": \"home\", \"meta_description\": \"\", \"slug\": \"home\", \"redirect\": \"\", \"page\": 1}}]", "revision": 45}}, {"pk": 104, "model": "reversion.version", "fields": {"format": "xml", "object_repr": "Home", "object_id": "1", "content_type": 10, "serialized_data": "<?xml version=\"1.0\" encoding=\"utf-8\"?>\n<django-objects version=\"1.0\"><object pk=\"1\" model=\"cms.page\"><field type=\"CharField\" name=\"created_by\">matthew</field><field type=\"CharField\" name=\"changed_by\">matthew</field><field to=\"cms.page\" name=\"parent\" rel=\"ManyToOneRel\"><None></None></field><field type=\"DateTimeField\" name=\"creation_date\">2010-06-01 23:47:20</field><field type=\"DateTimeField\" name=\"publication_date\">2010-06-01 23:47:33</field><field type=\"DateTimeField\" name=\"publication_end_date\"><None></None></field><field type=\"BooleanField\" name=\"in_navigation\">False</field><field type=\"BooleanField\" name=\"soft_root\">False</field><field type=\"CharField\" name=\"reverse_id\"><None></None></field><field type=\"CharField\" name=\"navigation_extenders\"></field><field type=\"BooleanField\" name=\"published\">True</field><field type=\"CharField\" name=\"template\">base.html</field><field to=\"sites.site\" name=\"site\" rel=\"ManyToOneRel\">1</field><field type=\"SmallIntegerField\" name=\"moderator_state\">0</field><field type=\"PositiveIntegerField\" name=\"level\">0</field><field type=\"PositiveIntegerField\" name=\"lft\">1</field><field type=\"PositiveIntegerField\" name=\"rght\">10</field><field type=\"PositiveIntegerField\" name=\"tree_id\">1</field><field type=\"BooleanField\" name=\"login_required\">False</field><field type=\"BooleanField\" name=\"menu_login_required\">False</field><field to=\"cms.placeholder\" name=\"placeholders\" rel=\"ManyToManyRel\"><object pk=\"1\"></object><object pk=\"2\"></object><object pk=\"5\"></object><object pk=\"6\"></object><object pk=\"7\"></object><object pk=\"8\"></object><object pk=\"9\"></object><object pk=\"11\"></object><object pk=\"12\"></object></field></object></django-objects>", "revision": 46}}, {"pk": 105, "model": "reversion.version", "fields": {"format": "xml", "object_repr": "7", "object_id": "7", "content_type": 17, "serialized_data": "<?xml version=\"1.0\" encoding=\"utf-8\"?>\n<django-objects version=\"1.0\"><object pk=\"7\" model=\"cms.cmsplugin\"><field to=\"cms.placeholder\" name=\"placeholder\" rel=\"ManyToOneRel\">11</field><field to=\"cms.cmsplugin\" name=\"parent\" rel=\"ManyToOneRel\"><None></None></field><field type=\"PositiveSmallIntegerField\" name=\"position\">0</field><field type=\"CharField\" name=\"language\">en</field><field type=\"CharField\" name=\"plugin_type\">TextPlugin</field><field type=\"DateTimeField\" name=\"creation_date\">2010-06-08 01:39:31</field><field type=\"PositiveIntegerField\" name=\"level\">0</field><field type=\"PositiveIntegerField\" name=\"lft\">1</field><field type=\"PositiveIntegerField\" name=\"rght\">4</field><field type=\"PositiveIntegerField\" name=\"tree_id\">7</field></object></django-objects>", "revision": 46}}, {"pk": 106, "model": "reversion.version", "fields": {"format": "json", "object_repr": "Home (home)", "object_id": "1", "content_type": 18, "serialized_data": "[{\"pk\": 1, \"model\": \"cms.title\", \"fields\": {\"publisher_public\": 2, \"menu_title\": \"\", \"meta_keywords\": \"\", \"page_title\": \"\", \"language\": \"en\", \"title\": \"Home\", \"has_url_overwrite\": false, \"application_urls\": \"\", \"creation_date\": \"2010-06-01 23:47:20\", \"publisher_is_draft\": true, \"publisher_state\": 1, \"path\": \"home\", \"meta_description\": \"\", \"slug\": \"home\", \"redirect\": \"\", \"page\": 1}}]", "revision": 46}}, {"pk": 107, "model": "reversion.version", "fields": {"format": "xml", "object_repr": "Work Hard. Play ......", "object_id": "7", "content_type": 19, "serialized_data": "<?xml version=\"1.0\" encoding=\"utf-8\"?>\n<django-objects version=\"1.0\"><object pk=\"7\" model=\"text.text\"><field to=\"cms.cmsplugin\" name=\"cmsplugin_ptr\" rel=\"OneToOneRel\">7</field><field type=\"TextField\" name=\"body\">&lt;h1&gt;Work Hard. Play Nice.&lt;/h1&gt;&lt;p&gt;Hello and welcome to KIPP Endeavor Academy (KEA) - a free public charter school. KIPP Endeavor Academy currently serves approximately 200 students from around Kansas City's urban core.&lt;/p&gt;&lt;a href=\"#\"&gt;Read more about KEA&lt;/a&gt;</field></object></django-objects>", "revision": 46}}, {"pk": 11, "model": "contact.contact", "fields": {"content_label": "Message", "subject_label": "Subject", "email_label": "Your Email", "site_email": "matthew.irish@gmail.com", "submit": "Send", "thanks": "Thanks! someone will be in contact shortly."}}, {"pk": 22, "model": "auth.permission", "fields": {"codename": "add_logentry", "name": "Can add log entry", "content_type": 8}}, {"pk": 23, "model": "auth.permission", "fields": {"codename": "change_logentry", "name": "Can change log entry", "content_type": 8}}, {"pk": 24, "model": "auth.permission", "fields": {"codename": "delete_logentry", "name": "Can delete log entry", "content_type": 8}}, {"pk": 4, "model": "auth.permission", "fields": {"codename": "add_group", "name": "Can add group", "content_type": 2}}, {"pk": 5, "model": "auth.permission", "fields": {"codename": "change_group", "name": "Can change group", "content_type": 2}}, {"pk": 6, "model": "auth.permission", "fields": {"codename": "delete_group", "name": "Can delete group", "content_type": 2}}, {"pk": 10, "model": "auth.permission", "fields": {"codename": "add_message", "name": "Can add message", "content_type": 4}}, {"pk": 11, "model": "auth.permission", "fields": {"codename": "change_message", "name": "Can change message", "content_type": 4}}, {"pk": 12, "model": "auth.permission", "fields": {"codename": "delete_message", "name": "Can delete message", "content_type": 4}}, {"pk": 1, "model": "auth.permission", "fields": {"codename": "add_permission", "name": "Can add permission", "content_type": 1}}, {"pk": 2, "model": "auth.permission", "fields": {"codename": "change_permission", "name": "Can change permission", "content_type": 1}}, {"pk": 3, "model": "auth.permission", "fields": {"codename": "delete_permission", "name": "Can delete permission", "content_type": 1}}, {"pk": 7, "model": "auth.permission", "fields": {"codename": "add_user", "name": "Can add user", "content_type": 3}}, {"pk": 8, "model": "auth.permission", "fields": {"codename": "change_user", "name": "Can change user", "content_type": 3}}, {"pk": 9, "model": "auth.permission", "fields": {"codename": "delete_user", "name": "Can delete user", "content_type": 3}}, {"pk": 49, "model": "auth.permission", "fields": {"codename": "add_cmsplugin", "name": "Can add cms plugin", "content_type": 17}}, {"pk": 50, "model": "auth.permission", "fields": {"codename": "change_cmsplugin", "name": "Can change cms plugin", "content_type": 17}}, {"pk": 51, "model": "auth.permission", "fields": {"codename": "delete_cmsplugin", "name": "Can delete cms plugin", "content_type": 17}}, {"pk": 37, "model": "auth.permission", "fields": {"codename": "add_globalpagepermission", "name": "Can add Page global permission", "content_type": 13}}, {"pk": 38, "model": "auth.permission", "fields": {"codename": "change_globalpagepermission", "name": "Can change Page global permission", "content_type": 13}}, {"pk": 39, "model": "auth.permission", "fields": {"codename": "delete_globalpagepermission", "name": "Can delete Page global permission", "content_type": 13}}, {"pk": 28, "model": "auth.permission", "fields": {"codename": "add_page", "name": "Can add page", "content_type": 10}}, {"pk": 29, "model": "auth.permission", "fields": {"codename": "change_page", "name": "Can change page", "content_type": 10}}, {"pk": 30, "model": "auth.permission", "fields": {"codename": "delete_page", "name": "Can delete page", "content_type": 10}}, {"pk": 31, "model": "auth.permission", "fields": {"codename": "add_pagemoderator", "name": "Can add PageModerator", "content_type": 11}}, {"pk": 32, "model": "auth.permission", "fields": {"codename": "change_pagemoderator", "name": "Can change PageModerator", "content_type": 11}}, {"pk": 33, "model": "auth.permission", "fields": {"codename": "delete_pagemoderator", "name": "Can delete PageModerator", "content_type": 11}}, {"pk": 34, "model": "auth.permission", "fields": {"codename": "add_pagemoderatorstate", "name": "Can add Page moderator state", "content_type": 12}}, {"pk": 35, "model": "auth.permission", "fields": {"codename": "change_pagemoderatorstate", "name": "Can change Page moderator state", "content_type": 12}}, {"pk": 36, "model": "auth.permission", "fields": {"codename": "delete_pagemoderatorstate", "name": "Can delete Page moderator state", "content_type": 12}}, {"pk": 40, "model": "auth.permission", "fields": {"codename": "add_pagepermission", "name": "Can add Page permission", "content_type": 14}}, {"pk": 41, "model": "auth.permission", "fields": {"codename": "change_pagepermission", "name": "Can change Page permission", "content_type": 14}}, {"pk": 42, "model": "auth.permission", "fields": {"codename": "delete_pagepermission", "name": "Can delete Page permission", "content_type": 14}}, {"pk": 43, "model": "auth.permission", "fields": {"codename": "add_pageuser", "name": "Can add User (page)", "content_type": 15}}, {"pk": 44, "model": "auth.permission", "fields": {"codename": "change_pageuser", "name": "Can change User (page)", "content_type": 15}}, {"pk": 45, "model": "auth.permission", "fields": {"codename": "delete_pageuser", "name": "Can delete User (page)", "content_type": 15}}, {"pk": 46, "model": "auth.permission", "fields": {"codename": "add_pageusergroup", "name": "Can add User group (page)", "content_type": 16}}, {"pk": 47, "model": "auth.permission", "fields": {"codename": "change_pageusergroup", "name": "Can change User group (page)", "content_type": 16}}, {"pk": 48, "model": "auth.permission", "fields": {"codename": "delete_pageusergroup", "name": "Can delete User group (page)", "content_type": 16}}, {"pk": 25, "model": "auth.permission", "fields": {"codename": "add_placeholder", "name": "Can add placeholder", "content_type": 9}}, {"pk": 26, "model": "auth.permission", "fields": {"codename": "change_placeholder", "name": "Can change placeholder", "content_type": 9}}, {"pk": 27, "model": "auth.permission", "fields": {"codename": "delete_placeholder", "name": "Can delete placeholder", "content_type": 9}}, {"pk": 52, "model": "auth.permission", "fields": {"codename": "add_title", "name": "Can add title", "content_type": 18}}, {"pk": 53, "model": "auth.permission", "fields": {"codename": "change_title", "name": "Can change title", "content_type": 18}}, {"pk": 54, "model": "auth.permission", "fields": {"codename": "delete_title", "name": "Can delete title", "content_type": 18}}, {"pk": 156, "model": "auth.permission", "fields": {"codename": "add_faqentry", "name": "Can add faq entry", "content_type": 51}}, {"pk": 157, "model": "auth.permission", "fields": {"codename": "change_faqentry", "name": "Can change faq entry", "content_type": 51}}, {"pk": 158, "model": "auth.permission", "fields": {"codename": "delete_faqentry", "name": "Can delete faq entry", "content_type": 51}}, {"pk": 162, "model": "auth.permission", "fields": {"codename": "add_faqentrylink", "name": "Can add faq entry link", "content_type": 53}}, {"pk": 163, "model": "auth.permission", "fields": {"codename": "change_faqentrylink", "name": "Can change faq entry link", "content_type": 53}}, {"pk": 164, "model": "auth.permission", "fields": {"codename": "delete_faqentrylink", "name": "Can delete faq entry link", "content_type": 53}}, {"pk": 159, "model": "auth.permission", "fields": {"codename": "add_faqlist", "name": "Can add faq list", "content_type": 52}}, {"pk": 160, "model": "auth.permission", "fields": {"codename": "change_faqlist", "name": "Can change faq list", "content_type": 52}}, {"pk": 161, "model": "auth.permission", "fields": {"codename": "delete_faqlist", "name": "Can delete faq list", "content_type": 52}}, {"pk": 165, "model": "auth.permission", "fields": {"codename": "add_youtube", "name": "Can add you tube", "content_type": 54}}, {"pk": 166, "model": "auth.permission", "fields": {"codename": "change_youtube", "name": "Can change you tube", "content_type": 54}}, {"pk": 167, "model": "auth.permission", "fields": {"codename": "delete_youtube", "name": "Can delete you tube", "content_type": 54}}, {"pk": 96, "model": "auth.permission", "fields": {"codename": "add_comment", "name": "Can add comment", "content_type": 32}}, {"pk": 99, "model": "auth.permission", "fields": {"codename": "can_moderate", "name": "Can moderate comments", "content_type": 32}}, {"pk": 97, "model": "auth.permission", "fields": {"codename": "change_comment", "name": "Can change comment", "content_type": 32}}, {"pk": 98, "model": "auth.permission", "fields": {"codename": "delete_comment", "name": "Can delete comment", "content_type": 32}}, {"pk": 100, "model": "auth.permission", "fields": {"codename": "add_commentflag", "name": "Can add comment flag", "content_type": 33}}, {"pk": 101, "model": "auth.permission", "fields": {"codename": "change_commentflag", "name": "Can change comment flag", "content_type": 33}}, {"pk": 102, "model": "auth.permission", "fields": {"codename": "delete_commentflag", "name": "Can delete comment flag", "content_type": 33}}, {"pk": 168, "model": "auth.permission", "fields": {"codename": "add_contact", "name": "Can add contact", "content_type": 55}}, {"pk": 169, "model": "auth.permission", "fields": {"codename": "change_contact", "name": "Can change contact", "content_type": 55}}, {"pk": 170, "model": "auth.permission", "fields": {"codename": "delete_contact", "name": "Can delete contact", "content_type": 55}}, {"pk": 13, "model": "auth.permission", "fields": {"codename": "add_contenttype", "name": "Can add content type", "content_type": 5}}, {"pk": 14, "model": "auth.permission", "fields": {"codename": "change_contenttype", "name": "Can change content type", "content_type": 5}}, {"pk": 15, "model": "auth.permission", "fields": {"codename": "delete_contenttype", "name": "Can delete content type", "content_type": 5}}, {"pk": 64, "model": "auth.permission", "fields": {"codename": "add_file", "name": "Can add file", "content_type": 22}}, {"pk": 65, "model": "auth.permission", "fields": {"codename": "change_file", "name": "Can change file", "content_type": 22}}, {"pk": 66, "model": "auth.permission", "fields": {"codename": "delete_file", "name": "Can delete file", "content_type": 22}}, {"pk": 141, "model": "auth.permission", "fields": {"codename": "add_clipboard", "name": "Can add clipboard", "content_type": 46}}, {"pk": 142, "model": "auth.permission", "fields": {"codename": "change_clipboard", "name": "Can change clipboard", "content_type": 46}}, {"pk": 143, "model": "auth.permission", "fields": {"codename": "delete_clipboard", "name": "Can delete clipboard", "content_type": 46}}, {"pk": 144, "model": "auth.permission", "fields": {"codename": "add_clipboarditem", "name": "Can add clipboard item", "content_type": 47}}, {"pk": 145, "model": "auth.permission", "fields": {"codename": "change_clipboarditem", "name": "Can change clipboard item", "content_type": 47}}, {"pk": 146, "model": "auth.permission", "fields": {"codename": "delete_clipboarditem", "name": "Can delete clipboard item", "content_type": 47}}, {"pk": 147, "model": "auth.permission", "fields": {"codename": "add_favoritefolder", "name": "Can add favorite folder", "content_type": 48}}, {"pk": 148, "model": "auth.permission", "fields": {"codename": "change_favoritefolder", "name": "Can change favorite folder", "content_type": 48}}, {"pk": 149, "model": "auth.permission", "fields": {"codename": "delete_favoritefolder", "name": "Can delete favorite folder", "content_type": 48}}, {"pk": 135, "model": "auth.permission", "fields": {"codename": "add_file", "name": "Can add file", "content_type": 44}}, {"pk": 136, "model": "auth.permission", "fields": {"codename": "change_file", "name": "Can change file", "content_type": 44}}, {"pk": 137, "model": "auth.permission", "fields": {"codename": "delete_file", "name": "Can delete file", "content_type": 44}}, {"pk": 128, "model": "auth.permission", "fields": {"codename": "add_folder", "name": "Can add folder", "content_type": 42}}, {"pk": 131, "model": "auth.permission", "fields": {"codename": "can_use_directory_listing", "name": "Can use directory listing", "content_type": 42}}, {"pk": 129, "model": "auth.permission", "fields": {"codename": "change_folder", "name": "Can change folder", "content_type": 42}}, {"pk": 130, "model": "auth.permission", "fields": {"codename": "delete_folder", "name": "Can delete folder", "content_type": 42}}, {"pk": 132, "model": "auth.permission", "fields": {"codename": "add_folderpermission", "name": "Can add Folder Permission", "content_type": 43}}, {"pk": 133, "model": "auth.permission", "fields": {"codename": "change_folderpermission", "name": "Can change Folder Permission", "content_type": 43}}, {"pk": 134, "model": "auth.permission", "fields": {"codename": "delete_folderpermission", "name": "Can delete Folder Permission", "content_type": 43}}, {"pk": 138, "model": "auth.permission", "fields": {"codename": "add_image", "name": "Can add image", "content_type": 45}}, {"pk": 139, "model": "auth.permission", "fields": {"codename": "change_image", "name": "Can change image", "content_type": 45}}, {"pk": 140, "model": "auth.permission", "fields": {"codename": "delete_image", "name": "Can delete image", "content_type": 45}}, {"pk": 73, "model": "auth.permission", "fields": {"codename": "add_googlemap", "name": "Can add google map", "content_type": 25}}, {"pk": 74, "model": "auth.permission", "fields": {"codename": "change_googlemap", "name": "Can change google map", "content_type": 25}}, {"pk": 75, "model": "auth.permission", "fields": {"codename": "delete_googlemap", "name": "Can delete google map", "content_type": 25}}, {"pk": 113, "model": "auth.permission", "fields": {"codename": "add_clipboard", "name": "Can add clipboard", "content_type": 37}}, {"pk": 114, "model": "auth.permission", "fields": {"codename": "change_clipboard", "name": "Can change clipboard", "content_type": 37}}, {"pk": 115, "model": "auth.permission", "fields": {"codename": "delete_clipboard", "name": "Can delete clipboard", "content_type": 37}}, {"pk": 116, "model": "auth.permission", "fields": {"codename": "add_clipboarditem", "name": "Can add clipboard item", "content_type": 38}}, {"pk": 117, "model": "auth.permission", "fields": {"codename": "change_clipboarditem", "name": "Can change clipboard item", "content_type": 38}}, {"pk": 118, "model": "auth.permission", "fields": {"codename": "delete_clipboarditem", "name": "Can delete clipboard item", "content_type": 38}}, {"pk": 103, "model": "auth.permission", "fields": {"codename": "add_folder", "name": "Can add folder", "content_type": 34}}, {"pk": 106, "model": "auth.permission", "fields": {"codename": "can_use_directory_listing", "name": "Can use directory listing", "content_type": 34}}, {"pk": 104, "model": "auth.permission", "fields": {"codename": "change_folder", "name": "Can change folder", "content_type": 34}}, {"pk": 105, "model": "auth.permission", "fields": {"codename": "delete_folder", "name": "Can delete folder", "content_type": 34}}, {"pk": 110, "model": "auth.permission", "fields": {"codename": "add_folderpermission", "name": "Can add Folder Permission", "content_type": 36}}, {"pk": 111, "model": "auth.permission", "fields": {"codename": "change_folderpermission", "name": "Can change Folder Permission", "content_type": 36}}, {"pk": 112, "model": "auth.permission", "fields": {"codename": "delete_folderpermission", "name": "Can delete Folder Permission", "content_type": 36}}, {"pk": 125, "model": "auth.permission", "fields": {"codename": "add_folderpublication", "name": "Can add folder publication", "content_type": 41}}, {"pk": 126, "model": "auth.permission", "fields": {"codename": "change_folderpublication", "name": "Can change folder publication", "content_type": 41}}, {"pk": 127, "model": "auth.permission", "fields": {"codename": "delete_folderpublication", "name": "Can delete folder publication", "content_type": 41}}, {"pk": 107, "model": "auth.permission", "fields": {"codename": "add_image", "name": "Can add image", "content_type": 35}}, {"pk": 108, "model": "auth.permission", "fields": {"codename": "change_image", "name": "Can change image", "content_type": 35}}, {"pk": 109, "model": "auth.permission", "fields": {"codename": "delete_image", "name": "Can delete image", "content_type": 35}}, {"pk": 122, "model": "auth.permission", "fields": {"codename": "add_imagefilerteaser", "name": "Can add image filer teaser", "content_type": 40}}, {"pk": 123, "model": "auth.permission", "fields": {"codename": "change_imagefilerteaser", "name": "Can change image filer teaser", "content_type": 40}}, {"pk": 124, "model": "auth.permission", "fields": {"codename": "delete_imagefilerteaser", "name": "Can delete image filer teaser", "content_type": 40}}, {"pk": 119, "model": "auth.permission", "fields": {"codename": "add_imagepublication", "name": "Can add image publication", "content_type": 39}}, {"pk": 120, "model": "auth.permission", "fields": {"codename": "change_imagepublication", "name": "Can change image publication", "content_type": 39}}, {"pk": 121, "model": "auth.permission", "fields": {"codename": "delete_imagepublication", "name": "Can delete image publication", "content_type": 39}}, {"pk": 61, "model": "auth.permission", "fields": {"codename": "add_link", "name": "Can add link", "content_type": 21}}, {"pk": 62, "model": "auth.permission", "fields": {"codename": "change_link", "name": "Can change link", "content_type": 21}}, {"pk": 63, "model": "auth.permission", "fields": {"codename": "delete_link", "name": "Can delete link", "content_type": 21}}, {"pk": 58, "model": "auth.permission", "fields": {"codename": "add_picture", "name": "Can add picture", "content_type": 20}}, {"pk": 59, "model": "auth.permission", "fields": {"codename": "change_picture", "name": "Can change picture", "content_type": 20}}, {"pk": 60, "model": "auth.permission", "fields": {"codename": "delete_picture", "name": "Can delete picture", "content_type": 20}}, {"pk": 90, "model": "auth.permission", "fields": {"codename": "add_latestentriesplugin", "name": "Can add latest entries plugin", "content_type": 30}}, {"pk": 91, "model": "auth.permission", "fields": {"codename": "change_latestentriesplugin", "name": "Can change latest entries plugin", "content_type": 30}}, {"pk": 92, "model": "auth.permission", "fields": {"codename": "delete_latestentriesplugin", "name": "Can delete latest entries plugin", "content_type": 30}}, {"pk": 93, "model": "auth.permission", "fields": {"codename": "add_selectedentriesplugin", "name": "Can add selected entries plugin", "content_type": 31}}, {"pk": 94, "model": "auth.permission", "fields": {"codename": "change_selectedentriesplugin", "name": "Can change selected entries plugin", "content_type": 31}}, {"pk": 95, "model": "auth.permission", "fields": {"codename": "delete_selectedentriesplugin", "name": "Can delete selected entries plugin", "content_type": 31}}, {"pk": 150, "model": "auth.permission", "fields": {"codename": "add_revision", "name": "Can add revision", "content_type": 49}}, {"pk": 151, "model": "auth.permission", "fields": {"codename": "change_revision", "name": "Can change revision", "content_type": 49}}, {"pk": 152, "model": "auth.permission", "fields": {"codename": "delete_revision", "name": "Can delete revision", "content_type": 49}}, {"pk": 153, "model": "auth.permission", "fields": {"codename": "add_version", "name": "Can add version", "content_type": 50}}, {"pk": 154, "model": "auth.permission", "fields": {"codename": "change_version", "name": "Can change version", "content_type": 50}}, {"pk": 155, "model": "auth.permission", "fields": {"codename": "delete_version", "name": "Can delete version", "content_type": 50}}, {"pk": 16, "model": "auth.permission", "fields": {"codename": "add_session", "name": "Can add session", "content_type": 6}}, {"pk": 17, "model": "auth.permission", "fields": {"codename": "change_session", "name": "Can change session", "content_type": 6}}, {"pk": 18, "model": "auth.permission", "fields": {"codename": "delete_session", "name": "Can delete session", "content_type": 6}}, {"pk": 19, "model": "auth.permission", "fields": {"codename": "add_site", "name": "Can add site", "content_type": 7}}, {"pk": 20, "model": "auth.permission", "fields": {"codename": "change_site", "name": "Can change site", "content_type": 7}}, {"pk": 21, "model": "auth.permission", "fields": {"codename": "delete_site", "name": "Can delete site", "content_type": 7}}, {"pk": 67, "model": "auth.permission", "fields": {"codename": "add_snippet", "name": "Can add Snippet", "content_type": 23}}, {"pk": 68, "model": "auth.permission", "fields": {"codename": "change_snippet", "name": "Can change Snippet", "content_type": 23}}, {"pk": 69, "model": "auth.permission", "fields": {"codename": "delete_snippet", "name": "Can delete Snippet", "content_type": 23}}, {"pk": 70, "model": "auth.permission", "fields": {"codename": "add_snippetptr", "name": "Can add Snippet", "content_type": 24}}, {"pk": 71, "model": "auth.permission", "fields": {"codename": "change_snippetptr", "name": "Can change Snippet", "content_type": 24}}, {"pk": 72, "model": "auth.permission", "fields": {"codename": "delete_snippetptr", "name": "Can delete Snippet", "content_type": 24}}, {"pk": 76, "model": "auth.permission", "fields": {"codename": "add_tag", "name": "Can add tag", "content_type": 26}}, {"pk": 77, "model": "auth.permission", "fields": {"codename": "change_tag", "name": "Can change tag", "content_type": 26}}, {"pk": 78, "model": "auth.permission", "fields": {"codename": "delete_tag", "name": "Can delete tag", "content_type": 26}}, {"pk": 79, "model": "auth.permission", "fields": {"codename": "add_taggeditem", "name": "Can add tagged item", "content_type": 27}}, {"pk": 80, "model": "auth.permission", "fields": {"codename": "change_taggeditem", "name": "Can change tagged item", "content_type": 27}}, {"pk": 81, "model": "auth.permission", "fields": {"codename": "delete_taggeditem", "name": "Can delete tagged item", "content_type": 27}}, {"pk": 55, "model": "auth.permission", "fields": {"codename": "add_text", "name": "Can add text", "content_type": 19}}, {"pk": 56, "model": "auth.permission", "fields": {"codename": "change_text", "name": "Can change text", "content_type": 19}}, {"pk": 57, "model": "auth.permission", "fields": {"codename": "delete_text", "name": "Can delete text", "content_type": 19}}, {"pk": 82, "model": "auth.permission", "fields": {"codename": "add_category", "name": "Can add category", "content_type": 28}}, {"pk": 83, "model": "auth.permission", "fields": {"codename": "change_category", "name": "Can change category", "content_type": 28}}, {"pk": 84, "model": "auth.permission", "fields": {"codename": "delete_category", "name": "Can delete category", "content_type": 28}}, {"pk": 85, "model": "auth.permission", "fields": {"codename": "add_entry", "name": "Can add entry", "content_type": 29}}, {"pk": 89, "model": "auth.permission", "fields": {"codename": "can_change_author", "name": "Can change author", "content_type": 29}}, {"pk": 88, "model": "auth.permission", "fields": {"codename": "can_view_all", "name": "Can view all", "content_type": 29}}, {"pk": 86, "model": "auth.permission", "fields": {"codename": "change_entry", "name": "Can change entry", "content_type": 29}}, {"pk": 87, "model": "auth.permission", "fields": {"codename": "delete_entry", "name": "Can delete entry", "content_type": 29}}, {"pk": 1, "model": "auth.group", "fields": {"name": "kippadmin", "permissions": [28, 29, 30, 40, 41, 42, 43, 44, 45, 46, 47, 48]}}, {"pk": 1, "model": "auth.user", "fields": {"username": "matthew", "first_name": "", "last_name": "", "is_active": true, "is_superuser": true, "is_staff": true, "last_login": "2010-07-22 12:04:59", "groups": [], "user_permissions": [], "password": "sha1$58897$938065dcab6734c816e1a7d5046cb2afc202b4b8", "email": "matthew.irish@gmail.com", "date_joined": "2010-06-01 23:47:01"}}, {"pk": 2, "model": "auth.user", "fields": {"username": "matthewe", "first_name": "", "last_name": "", "is_active": true, "is_superuser": false, "is_staff": true, "last_login": "2010-06-08 22:57:50", "groups": [], "user_permissions": [28, 29, 40, 41, 42], "password": "sha1$805b9$46bb7253c0d44ca922ea628a43d232a562fa89d4", "email": "", "date_joined": "2010-06-08 22:56:21"}}, {"pk": 3, "model": "auth.user", "fields": {"username": "stephanie", "first_name": "Stephanie", "last_name": "Campbell", "is_active": true, "is_superuser": true, "is_staff": true, "last_login": "2010-07-22 12:04:14", "groups": [1], "user_permissions": [28, 29, 34, 35, 36, 41, 43, 44, 45, 25, 26, 27, 52, 53, 54, 156, 157, 158, 162, 163, 164, 159, 160, 161, 165, 166, 167, 141, 142, 143, 144, 145, 146, 147, 148, 149, 135, 136, 137, 128, 131, 129, 130, 132, 133, 134, 138, 139, 140, 73, 74, 75, 113, 114, 115, 116, 117, 118, 103, 106, 104, 105, 110, 111, 112, 125, 126, 127, 107, 108, 109, 122, 123, 124, 119, 120, 121, 67, 68, 69, 70, 71, 72, 76, 77, 78, 79, 80, 81, 55, 56, 57, 82, 83, 84, 85, 89, 88, 86, 87], "password": "sha1$8ab78$90b91a84d969da2f7b8b8334e6ff26713580b486", "email": "scampbell@kippendeavor.org", "date_joined": "2010-07-22 12:03:59"}}, {"pk": 2, "model": "cms.pageuser", "fields": {"user_permissions": [28, 29, 40, 41, 42], "groups": [], "created_by": 1}}, {"pk": 3, "model": "cms.pageuser", "fields": {"user_permissions": [28, 29, 34, 35, 36, 41, 43, 44, 45, 25, 26, 27, 52, 53, 54, 156, 157, 158, 162, 163, 164, 159, 160, 161, 165, 166, 167, 141, 142, 143, 144, 145, 146, 147, 148, 149, 135, 136, 137, 128, 131, 129, 130, 132, 133, 134, 138, 139, 140, 73, 74, 75, 113, 114, 115, 116, 117, 118, 103, 106, 104, 105, 110, 111, 112, 125, 126, 127, 107, 108, 109, 122, 123, 124, 119, 120, 121, 67, 68, 69, 70, 71, 72, 76, 77, 78, 79, 80, 81, 55, 56, 57, 82, 83, 84, 85, 89, 88, 86, 87], "groups": [1], "created_by": 1}}, {"pk": 1, "model": "cms.pageusergroup", "fields": {"created_by": 1, "permissions": [28, 29, 30, 40, 41, 42, 43, 44, 45, 46, 47, 48]}}]
